"","p_val","avg_log2FC","pct.1","pct.2","p_val_adj","log2FoldChange","Symbol"
"CYP4B1",1.79855778972586e-42,-1.85536485090027,0.041,0.362,4.74405588195989e-38,-1.85536485090027,"CYP4B1"
"IGFBP4",6.23757058046297e-35,1.83687823174135,0.798,0.337,1.64528399200872e-30,1.83687823174135,"IGFBP4"
"ACTG1",2.7418346047132e-29,-0.946833667883554,0.993,1,7.23213713685202e-25,-0.946833667883554,"ACTG1"
"GPX3",2.46689776492054e-27,-2.27619547447288,0.549,0.76,6.50693623453092e-23,-2.27619547447288,"GPX3"
"COL14A1",2.40065033125635e-26,1.51322662113483,0.653,0.26,6.33219537875488e-22,1.51322662113483,"COL14A1"
"THY1",5.81811492823513e-25,1.25870717372038,0.657,0.245,1.53464417462058e-20,1.25870717372038,"THY1"
"FIBIN",7.36513970473655e-25,-1.06363866984252,0.229,0.556,1.94270289991836e-20,-1.06363866984252,"FIBIN"
"RPL36A",1.04779102680983e-24,-1.09484970561565,0.47,0.745,2.76375839141628e-20,-1.09484970561565,"RPL36A"
"TIMP1",1.28355852893725e-24,1.11588362304048,0.99,0.959,3.38564233177778e-20,1.11588362304048,"TIMP1"
"CALM1",5.61701717007811e-23,0.860407390911341,0.972,0.944,1.4816006189515e-18,0.860407390911341,"CALM1"
"LTBP1",2.39914636302837e-22,1.02752747060511,0.754,0.439,6.32822836175994e-18,1.02752747060511,"LTBP1"
"RPS21",2.44187120487984e-22,-0.795368147294304,0.957,0.99,6.44092367711155e-18,-0.795368147294304,"RPS21"
"HSP90AA1",6.06306981815077e-22,0.815935098733484,0.977,0.903,1.59925592593363e-17,0.815935098733484,"HSP90AA1"
"FIGF",2.29246909116268e-21,-0.694759702071964,0.098,0.367,6.04684572175981e-17,-0.694759702071964,"FIGF"
"CA3",8.71845540921541e-20,-1.17951361586316,0.038,0.224,2.29966698328875e-15,-1.17951361586316,"CA3"
"RPL37A",1.47188645330223e-19,-0.695478181716253,0.964,0.99,3.88239489787529e-15,-0.695478181716253,"RPL37A"
"RPL37",4.06955755303088e-19,-0.775360296208833,0.984,0.99,1.07342719576296e-14,-0.775360296208833,"RPL37"
"UBB",1.61679192333528e-18,0.689595095868193,0.951,0.898,4.26461205618148e-14,0.689595095868193,"UBB"
"ITIH5",6.69015148148969e-18,0.83789438261445,0.469,0.138,1.76466125627254e-13,0.83789438261445,"ITIH5"
"CFH",7.38528150710634e-18,1.08394582008653,0.823,0.617,1.94801570312944e-13,1.08394582008653,"CFH"
"SEPW1",1.56149712302303e-17,0.66504281577884,0.878,0.776,4.11876096139785e-13,0.66504281577884,"SEPW1"
"VCAN",2.01768964775327e-17,0.888485208371956,0.786,0.469,5.3220599838788e-13,0.888485208371956,"VCAN"
"IL32",1.75720365942425e-16,0.846912062162322,0.506,0.173,4.63497609246335e-12,0.846912062162322,"IL32"
"RPL17",2.85989954225887e-16,-0.878779056626916,0.916,0.99,7.54355702261622e-12,-0.878779056626916,"RPL17"
"LUM",4.39556409918218e-16,0.834925127796463,0.95,0.867,1.15941794244128e-11,0.834925127796463,"LUM"
"COL15A1",4.53526833475426e-16,0.70070359886164,0.435,0.112,1.19626772865813e-11,0.70070359886164,"COL15A1"
"RHOB",5.40600544088379e-16,-0.896233130098175,0.662,0.811,1.42594205514192e-11,-0.896233130098175,"RHOB"
"MGP",5.87295782508118e-16,1.05302731999522,0.969,0.959,1.54911008552166e-11,1.05302731999522,"MGP"
"RPS29",7.47531591617637e-16,-0.72384230420106,0.895,0.964,1.97176407920984e-11,-0.72384230420106,"RPS29"
"B2M",8.81312825816868e-16,0.516255578511069,1,0.995,2.32463884065715e-11,0.516255578511069,"B2M"
"SCGB3A1",1.21757072268623e-15,0.273815879891949,0.749,0.541,3.21158629522947e-11,0.273815879891949,"SCGB3A1"
"EEF2",1.53774040465217e-15,-0.658744216359799,0.945,0.99,4.05609786535103e-11,-0.658744216359799,"EEF2"
"PPIC",1.70670275958507e-15,0.605734205514336,0.696,0.352,4.50176986895753e-11,0.605734205514336,"PPIC"
"CCL2",1.96264375604074e-15,0.854589605829319,0.563,0.23,5.17686543530866e-11,0.854589605829319,"CCL2"
"MME",2.20306884475415e-15,-0.506042036462411,0.054,0.23,5.81103469180801e-11,-0.506042036462411,"MME"
"SFRP2",2.20359862718157e-15,1.78115863566913,0.478,0.163,5.81243209891682e-11,1.78115863566913,"SFRP2"
"MAOA",2.49995459781135e-15,-0.785968715664161,0.176,0.398,6.59413024264699e-11,-0.785968715664161,"MAOA"
"HIF3A",6.91425414180017e-15,-0.44985488486701,0.089,0.291,1.82377281498263e-10,-0.44985488486701,"HIF3A"
"RPL23A",1.23216520444946e-14,-0.525769329984086,0.979,0.99,3.25008215977634e-10,-0.525769329984086,"RPL23A"
"LTBP2",1.74770789156333e-14,0.768426298750287,0.739,0.454,4.60992910557659e-10,0.768426298750287,"LTBP2"
"SSPN",1.92998417743841e-14,0.688700833458743,0.573,0.291,5.09071926482929e-10,0.688700833458743,"SSPN"
"CD14",2.50106397329735e-14,-0.450894348015765,0.043,0.199,6.59705644236643e-10,-0.450894348015765,"CD14"
"SUN2",2.59491787605616e-14,-0.726933245367209,0.182,0.403,6.84461488167332e-10,-0.726933245367209,"SUN2"
"APP",2.74962025717131e-14,0.654988388260224,0.754,0.505,7.25267335234077e-10,0.654988388260224,"APP"
"SCGB3A2",2.77133739493126e-14,0.933777807453338,0.369,0.087,7.3099566466102e-10,0.933777807453338,"SCGB3A2"
"COL6A3",3.43383944082306e-14,0.651351445888661,0.897,0.617,9.05743829305898e-10,0.651351445888661,"COL6A3"
"RARRES1",4.1207936023613e-14,1.02347617072463,0.611,0.337,1.08694172849484e-09,1.02347617072463,"RARRES1"
"RBM3",5.36510453947419e-14,-0.636175131572629,0.651,0.837,1.41515362437711e-09,-0.636175131572629,"RBM3"
"MT-CO3",5.7251619833798e-14,0.524405061956734,1,0.954,1.51012597635609e-09,0.524405061956734,"MT-CO3"
"TNXB",5.82353496847397e-14,0.762734070144914,0.545,0.245,1.53607381863438e-09,0.762734070144914,"TNXB"
"GEM",1.35544891039618e-13,0.998903834003172,0.592,0.301,3.57526759095199e-09,0.998903834003172,"GEM"
"HSPA1A",1.44443245577774e-13,0.779919430140418,0.787,0.612,3.80997948860494e-09,0.779919430140418,"HSPA1A"
"WISP2",2.05355448200726e-13,-1.78869455019689,0.198,0.413,5.41666065719055e-09,-1.78869455019689,"WISP2"
"CDH13",2.57244859782798e-13,-0.439958460816556,0.101,0.301,6.78534766649086e-09,-0.439958460816556,"CDH13"
"EID1",2.6124667172078e-13,0.566343659390545,0.849,0.694,6.89090345997902e-09,0.566343659390545,"EID1"
"ROBO2",2.64995993162983e-13,0.735802123752873,0.459,0.179,6.98979931166001e-09,0.735802123752873,"ROBO2"
"IGF1",2.66650568642377e-13,0.856107176047082,0.474,0.179,7.03344204907997e-09,0.856107176047082,"IGF1"
"RPS4Y1",2.76541647093305e-13,-0.67713175627625,0.455,0.709,7.29433902538010e-09,-0.67713175627625,"RPS4Y1"
"SCGB1A1",2.81154527310892e-13,0.423352649057073,0.711,0.423,7.41601296687939e-09,0.423352649057073,"SCGB1A1"
"PDLIM3",3.03742163524952e-13,0.707227616330718,0.638,0.352,8.01180704729766e-09,0.707227616330718,"PDLIM3"
"COL8A1",4.45741916934911e-13,1.12977319988967,0.661,0.418,1.17573345429921e-08,1.12977319988967,"COL8A1"
"ALDH1A1",5.60737885745684e-13,-1.20820518342122,0.3,0.495,1.47905832123139e-08,-1.20820518342122,"ALDH1A1"
"CD63",6.68381403667888e-13,0.476323306666434,0.993,0.964,1.76298962845479e-08,0.476323306666434,"CD63"
"RAB31",7.5728962974991e-13,0.61182408128599,0.48,0.189,1.99750285639134e-08,0.61182408128599,"RAB31"
"RPS18",8.09309238192474e-13,-0.646525128606855,0.991,0.995,2.13471497758029e-08,-0.646525128606855,"RPS18"
"RPL38",8.38700885537397e-13,-0.56176135161744,0.898,0.959,2.21224132578199e-08,-0.56176135161744,"RPL38"
"EEF1G",9.1060165219072e-13,-0.592240278257695,0.83,0.959,2.40189397798346e-08,-0.592240278257695,"EEF1G"
"EIF3E",1.05943603009002e-12,-0.588652784207744,0.61,0.776,2.79447441656845e-08,-0.588652784207744,"EIF3E"
"DCXR",1.10612457995605e-12,-0.615913838809601,0.341,0.566,2.91762480455008e-08,-0.615913838809601,"DCXR"
"AC090498.1",1.26475731527191e-12,-0.572171752864599,0.963,1,3.33605037049272e-08,-0.572171752864599,"AC090498.1"
"RPS27",1.29652682878873e-12,-0.582747637506278,0.989,0.99,3.41984881629604e-08,-0.582747637506278,"RPS27"
"RPS25",1.58369616818525e-12,-0.451027804705006,0.983,0.995,4.17731538282224e-08,-0.451027804705006,"RPS25"
"RPSA",1.62663826714931e-12,-0.564687932744667,0.957,0.99,4.29058375725973e-08,-0.564687932744667,"RPSA"
"EEF1A1",1.69035711721866e-12,-0.693683464444632,1,1,4.45865496808766e-08,-0.693683464444632,"EEF1A1"
"SERPING1",1.80645388436542e-12,-0.773772438218023,0.93,0.923,4.76488341079066e-08,-0.773772438218023,"SERPING1"
"PLAC9",1.972557966968e-12,0.773538924497816,0.824,0.668,5.20301614947149e-08,0.773538924497816,"PLAC9"
"RPL4",2.00342119820566e-12,-0.625907683245974,0.924,0.959,5.28442409450708e-08,-0.625907683245974,"RPL4"
"COL1A2",2.31573946925408e-12,0.363573968736815,0.983,0.857,6.1082259980515e-08,0.363573968736815,"COL1A2"
"DIO2",2.81900681209959e-12,0.739174411607977,0.218,0.005,7.4356942682751e-08,0.739174411607977,"DIO2"
"CXCL14",2.84941523516164e-12,1.4380568162981,0.283,0.046,7.51590256578586e-08,1.4380568162981,"CXCL14"
"LMCD1",3.31578259338648e-12,-0.632667411979577,0.46,0.663,8.74603974657553e-08,-0.632667411979577,"LMCD1"
"COMP",4.15934131429125e-12,1.25152513852088,0.285,0.046,1.0971094584706e-07,1.25152513852088,"COMP"
"PAM",4.20766657701431e-12,0.622533533524901,0.475,0.219,1.10985621301906e-07,0.622533533524901,"PAM"
"MFAP2",4.43865395518665e-12,0.530092547170587,0.742,0.48,1.17078375375958e-07,0.530092547170587,"MFAP2"
"SAA1",4.4936351904287e-12,-1.18487816793354,0.026,0.143,1.18528615417938e-07,-1.18487816793354,"SAA1"
"PTGDS",9.2635826514009e-12,1.16880252874295,0.78,0.617,2.44345519596002e-07,1.16880252874295,"PTGDS"
"IMPDH2",9.7331505285846e-12,-0.480859713000985,0.333,0.571,2.56731311492476e-07,-0.480859713000985,"IMPDH2"
"PCBP2",9.78992998303372e-12,-0.512268978699443,0.83,0.939,2.5822898316248e-07,-0.512268978699443,"PCBP2"
"DDT",1.08965754714631e-11,-0.47442562755477,0.181,0.388,2.87418971210781e-07,-0.47442562755477,"DDT"
"PABPC1",1.25925896091118e-11,-0.540657193883815,0.868,0.944,3.32154736119541e-07,-0.540657193883815,"PABPC1"
"RPL14",1.33329910724558e-11,-0.496763621265382,0.995,0.985,3.51684305518167e-07,-0.496763621265382,"RPL14"
"ENTPD1",1.34387906358336e-11,0.443751535803481,0.239,0.026,3.54474980601382e-07,0.443751535803481,"ENTPD1"
"NFIB",1.82633180251125e-11,0.49992979852137,0.59,0.311,4.81731539548392e-07,0.49992979852137,"NFIB"
"RPL18A",2.42713534337084e-11,-0.523426423378432,0.988,0.995,6.40205489520928e-07,-0.523426423378432,"RPL18A"
"IGFBP2",2.4870790063281e-11,1.10983915726932,0.328,0.092,6.56016829499162e-07,1.10983915726932,"IGFBP2"
"GPM6B",2.55112684884457e-11,-0.815893586636213,0.255,0.459,6.72910728919731e-07,-0.815893586636213,"GPM6B"
"IGFBP7",3.32084797696284e-11,0.86726397275272,0.875,0.77,8.75940070883489e-07,0.86726397275272,"IGFBP7"
"RPL31",3.72010006202272e-11,-0.480085551725638,0.9,0.959,9.81250793359733e-07,-0.480085551725638,"RPL31"
"PRDX6",4.6148303068336e-11,-0.670865555692921,0.729,0.857,1.2172537900335e-06,-0.670865555692921,"PRDX6"
"RPLP0",4.82433058780487e-11,-0.627880177718521,0.991,1,1.27251367914529e-06,-0.627880177718521,"RPLP0"
"HIST1H1E",4.82725699500548e-11,-0.393941384589272,0.08,0.24,1.2732855775726e-06,-0.393941384589272,"HIST1H1E"
"RPS14",4.86586861733722e-11,-0.45196260185019,0.986,0.995,1.28347016519504e-06,-0.45196260185019,"RPS14"
"MTDH",5.16784247753891e-11,0.503172109538528,0.723,0.526,1.36312181030044e-06,0.503172109538528,"MTDH"
"EIF5",7.1693516630617e-11,0.509750919853251,0.593,0.337,1.89105988816578e-06,0.509750919853251,"EIF5"
"RPL32",1.2089524675677e-10,-0.480215287196263,0.993,1,3.18885392370333e-06,-0.480215287196263,"RPL32"
"BCAT1",1.46091652333337e-10,-0.298530392951058,0.06,0.204,3.85345951359643e-06,-0.298530392951058,"BCAT1"
"RPL26",1.65893180011215e-10,-0.482730225819264,0.988,0.995,4.37576440915583e-06,-0.482730225819264,"RPL26"
"USP53",1.68764747703864e-10,-0.680081908420358,0.261,0.454,4.45150775018482e-06,-0.680081908420358,"USP53"
"RPL39",2.25812527216688e-10,-0.612466743470793,0.97,0.99,5.95625703039457e-06,-0.612466743470793,"RPL39"
"FILIP1L",2.30049688560719e-10,0.684563896206387,0.542,0.311,6.06802063516609e-06,0.684563896206387,"FILIP1L"
"CALM2",2.32788282015322e-10,0.492607085933262,0.969,0.939,6.14025651471814e-06,0.492607085933262,"CALM2"
"RPL36",2.8799420199527e-10,-0.559628221987517,0.968,0.985,7.59642306602924e-06,-0.559628221987517,"RPL36"
"CALD1",3.41974080562841e-10,0.499178851976557,0.959,0.862,9.02025032300605e-06,0.499178851976557,"CALD1"
"RPL11",3.43280220285854e-10,-0.414610040250393,0.999,0.995,9.05470237047996e-06,-0.414610040250393,"RPL11"
"NDRG2",3.85140647879928e-10,-0.606932302467015,0.208,0.393,1.01588548691289e-05,-0.606932302467015,"NDRG2"
"CRIP2",4.03755030597856e-10,0.576117168748076,0.606,0.372,1.06498464420796e-05,0.576117168748076,"CRIP2"
"SERTAD1",4.62083918740571e-10,0.548371317608799,0.349,0.128,1.21883875246201e-05,0.548371317608799,"SERTAD1"
"LGALS3",4.71507346209286e-10,0.435857207585513,0.97,0.929,1.24369492709623e-05,0.435857207585513,"LGALS3"
"GABARAPL2",4.74343726720069e-10,0.488583105700735,0.75,0.582,1.25117644796953e-05,0.488583105700735,"GABARAPL2"
"RPL29",5.6163582775297e-10,-0.464706301856396,0.98,0.995,1.48142682286401e-05,-0.464706301856396,"RPL29"
"SOX4",5.67741691713882e-10,0.358873882522825,0.632,0.337,1.49753226023371e-05,0.358873882522825,"SOX4"
"FOSB",5.69718290883155e-10,0.832248796304557,0.525,0.301,1.5027459358625e-05,0.832248796304557,"FOSB"
"ITGB1",6.33229957751033e-10,0.511147496245484,0.873,0.714,1.6702706595599e-05,0.511147496245484,"ITGB1"
"TMEM176B",6.38443107452458e-10,0.665592139910335,0.653,0.454,1.68402138452735e-05,0.665592139910335,"TMEM176B"
"SERPINA3.1",6.61661616198595e-10,-0.479325526398795,0.113,0.281,1.74526484504704e-05,-0.479325526398795,"SERPINA3.1"
"RPL30",7.5717116827639e-10,-0.408675662458348,0.989,0.99,1.99719039056264e-05,-0.408675662458348,"RPL30"
"ASPN",7.83470762687319e-10,1.03636045058789,0.472,0.245,2.06656083074034e-05,1.03636045058789,"ASPN"
"GLUL",8.58221736653333e-10,-0.968263129367408,0.723,0.796,2.2637314747705e-05,-0.968263129367408,"GLUL"
"CNN2",8.94180734096795e-10,-0.558019775319406,0.476,0.679,2.35858052232712e-05,-0.558019775319406,"CNN2"
"CYR61",1.56833214822945e-09,-1.35023487559474,0.662,0.806,4.13678970738482e-05,-1.35023487559474,"CYR61"
"FBLN2",1.61436915871552e-09,0.57770916870165,0.565,0.327,4.25822152994393e-05,0.57770916870165,"FBLN2"
"ANTXR1",1.6417388403735e-09,0.569807846030105,0.592,0.367,4.33041453925317e-05,0.569807846030105,"ANTXR1"
"FHL2",1.99642471904061e-09,0.596274573596895,0.399,0.179,5.26596948141342e-05,0.596274573596895,"FHL2"
"DPT",2.10316073610007e-09,0.734717284853525,0.545,0.327,5.54750707361115e-05,0.734717284853525,"DPT"
"VGLL3",3.76045270687653e-09,-0.440563491247269,0.271,0.464,9.91894610492822e-05,-0.440563491247269,"VGLL3"
"BGN",3.84162513313235e-09,0.51189971540323,0.888,0.704,0.000101330546136632,0.51189971540323,"BGN"
"TCEAL4",4.04107554269509e-09,-0.659985995604681,0.574,0.724,0.000106591449589668,-0.659985995604681,"TCEAL4"
"PLPPR4",4.48435498611178e-09,0.451706550276497,0.244,0.056,0.00011828383146867,0.451706550276497,"PLPPR4"
"CD68",4.74299580566299e-09,-0.403022468742893,0.312,0.505,0.000125106000365973,-0.403022468742893,"CD68"
"TSHZ2",4.80400887964132e-09,0.454444112845328,0.364,0.158,0.000126715342218299,0.454444112845328,"TSHZ2"
"TMOD3",5.16174844124307e-09,0.462040790052522,0.472,0.26,0.000136151438634668,0.462040790052522,"TMOD3"
"IRS2",5.67951576907773e-09,-0.500365201965695,0.125,0.276,0.000149808587440963,-0.500365201965695,"IRS2"
"GNB2L1",5.76332502810229e-09,-0.377767511012832,0.991,1,0.000152019224266254,-0.377767511012832,"GNB2L1"
"RPL35A",6.08388628142547e-09,-0.415337572235151,0.98,0.99,0.00016047466844516,-0.415337572235151,"RPL35A"
"HSP90B1",6.35510384454711e-09,0.393885970386057,0.938,0.842,0.000167628574107619,0.393885970386057,"HSP90B1"
"APOC1",7.0829090510765e-09,-0.567889126232652,0.359,0.551,0.000186825892040245,-0.567889126232652,"APOC1"
"ADH1B",7.67462725445829e-09,-0.766988852253477,0.663,0.776,0.000202433643090846,-0.766988852253477,"ADH1B"
"MXRA5",9.93644534893194e-09,0.504904459858471,0.48,0.235,0.000262093618968778,0.504904459858471,"MXRA5"
"KCTD12",9.95435221758734e-09,0.504350783049735,0.351,0.148,0.000262565948443301,0.504350783049735,"KCTD12"
"ULK4",1.12736840778644e-08,-0.336907634096438,0.049,0.163,0.00029736596492183,-0.336907634096438,"ULK4"
"TMEM176A",1.1608326234155e-08,0.640439157401993,0.599,0.403,0.000306192821078307,0.640439157401993,"TMEM176A"
"SERPINF1",1.17694659636713e-08,0.550217034148669,0.796,0.648,0.000310443203723759,0.550217034148669,"SERPINF1"
"GUCY1A3",1.23513950611815e-08,0.502432697934373,0.419,0.219,0.000325792747528784,0.502432697934373,"GUCY1A3"
"PQLC2L",1.24071507030199e-08,-0.327195817256087,0.086,0.224,0.000327263414093555,-0.327195817256087,"PQLC2L"
"BAMBI",1.2668913268055e-08,-0.47799738893724,0.117,0.27,0.000334167925271488,-0.47799738893724,"BAMBI"
"SCN7A",1.44440319096469e-08,-1.00193663097683,0.476,0.607,0.000380990229680755,-1.00193663097683,"SCN7A"
"RAPGEF5",1.46052432442886e-08,-0.306210638580611,0.058,0.179,0.000385242501054601,-0.306210638580611,"RAPGEF5"
"MPST",1.54165576796517e-08,-0.44220190573964,0.197,0.362,0.000406642541916173,-0.44220190573964,"MPST"
"FAM118A",1.57574668189538e-08,0.343122427719263,0.258,0.071,0.000415634702283545,0.343122427719263,"FAM118A"
"MMP19",1.69604215465333e-08,0.578003773522504,0.341,0.138,0.000447365039132908,0.578003773522504,"MMP19"
"CXCL12",1.77098932363138e-08,0.648038020181273,0.514,0.316,0.00046713385389425,0.648038020181273,"CXCL12"
"MEG3",1.81219379422058e-08,0.484732277670722,0.417,0.194,0.000478002357101561,0.484732277670722,"MEG3"
"CRIP1",1.81694105844228e-08,0.649510408512057,0.747,0.638,0.000479254542985319,0.649510408512057,"CRIP1"
"CITED2",1.84975988748662e-08,-0.902608502890536,0.481,0.612,0.000487911165522346,-0.902608502890536,"CITED2"
"ITM2B",2.36695978761275e-08,0.31465445840053,0.996,0.964,0.000624332983178614,0.31465445840053,"ITM2B"
"INHBA",2.39163563456427e-08,0.472631945505124,0.231,0.056,0.000630841731329018,0.472631945505124,"INHBA"
"TNC",2.44195612557603e-08,1.00054195800355,0.411,0.204,0.000644114767243189,1.00054195800355,"TNC"
"NTM",2.45650192866008e-08,0.344308522575495,0.193,0.031,0.000647951513722668,0.344308522575495,"NTM"
"RPS28",2.50053263743234e-08,-0.441590264107614,0.988,0.99,0.000659565493775529,-0.441590264107614,"RPS28"
"H3F3A",2.54290436355642e-08,0.383408594792099,0.984,0.98,0.000670741883975276,0.383408594792099,"H3F3A"
"ENPP2",2.57830084598875e-08,0.410772322363294,0.364,0.158,0.000680078414146452,0.410772322363294,"ENPP2"
"RPL35",2.81253547135084e-08,-0.37233849502809,0.968,0.995,0.000741862481278211,-0.37233849502809,"RPL35"
"SFTPA1",2.97597856650917e-08,0.660050537883253,0.338,0.148,0.000784973866488125,0.660050537883253,"SFTPA1"
"ANGPTL2",3.056514756605e-08,0.525588842153627,0.353,0.153,0.000806216897349701,0.525588842153627,"ANGPTL2"
"MMP2",3.10903539921958e-08,0.331302594514233,0.887,0.73,0.000820070267252148,0.331302594514233,"MMP2"
"LITAF",3.2766783129799e-08,0.518815711226843,0.718,0.571,0.000864289438614709,0.518815711226843,"LITAF"
"HSPA1B",3.44010479345991e-08,0.532006665999813,0.525,0.327,0.00090739644137092,0.532006665999813,"HSPA1B"
"NGFRAP1",4.14599052292444e-08,0.419809509706258,0.727,0.536,0.00109358792023178,0.419809509706258,"NGFRAP1"
"UBXN4",4.25884780297978e-08,0.397504817950757,0.648,0.434,0.00112335628499198,0.397504817950757,"UBXN4"
"C1QA",4.91591181903883e-08,-0.435442632845721,0.209,0.367,0.00129667006050787,-0.435442632845721,"C1QA"
"RRBP1",5.52454081271054e-08,0.434413610480357,0.635,0.418,0.00145720813016866,0.434413610480357,"RRBP1"
"ZFAS1",5.78338289075064e-08,-0.415397665182569,0.71,0.801,0.0015254829050933,-0.415397665182569,"ZFAS1"
"PTMA",6.0164809759966e-08,0.434272164503632,0.995,0.995,0.00158696718703862,0.434272164503632,"PTMA"
"PRDX2",6.47087106813567e-08,0.402015334325782,0.654,0.48,0.00170682166164215,0.402015334325782,"PRDX2"
"S100A10",6.55641472716335e-08,0.462485525237443,0.972,0.969,0.00172938551258388,0.462485525237443,"S100A10"
"POSTN",6.75931141023758e-08,1.15173688898985,0.405,0.189,0.00178290357067837,1.15173688898985,"POSTN"
"HMCN1",7.28675564972207e-08,0.466125969808972,0.563,0.357,0.00192202753772719,0.466125969808972,"HMCN1"
"PER3",7.78139473628724e-08,0.305479126042226,0.234,0.061,0.00205249848959048,0.305479126042226,"PER3"
"CSGALNACT2",7.84982530240316e-08,0.32663084786353,0.25,0.077,0.00207054842001488,0.32663084786353,"CSGALNACT2"
"MT-ND4",8.11310867334322e-08,0.416897517260785,0.999,0.954,0.00213999467476774,0.416897517260785,"MT-ND4"
"RPS19",8.18409568665406e-08,-0.42481491975906,0.989,0.995,0.00215871891926874,-0.42481491975906,"RPS19"
"CCND2",8.41503579821462e-08,0.386296931368999,0.284,0.102,0.00221963399249507,0.386296931368999,"CCND2"
"CALU",9.60784926609442e-08,0.38318317872311,0.667,0.464,0.00253426240091772,0.38318317872311,"CALU"
"TPPP3",9.61458992182187e-08,0.386482543273392,0.234,0.061,0.00253604038367895,0.386482543273392,"TPPP3"
"FN1",9.71993104907535e-08,0.415640659926193,0.975,0.832,0.0025638262128146,0.415640659926193,"FN1"
"NPC2",1.0473315994317e-07,0.402228934413656,0.952,0.934,0.00276254655982099,0.402228934413656,"NPC2"
"COL4A2",1.06686308248947e-07,0.430035086604611,0.515,0.281,0.00281406475268248,0.430035086604611,"COL4A2"
"A2M",1.09331764940656e-07,0.861287824518571,0.915,0.816,0.00288384396383969,0.861287824518571,"A2M"
"CYBA",1.14701464871703e-07,0.35734427571896,0.841,0.811,0.00302548053892092,0.35734427571896,"CYBA"
"SELM",1.16385394300272e-07,0.46133130508119,0.876,0.735,0.00306989754545827,0.46133130508119,"SELM"
"FBLN1",1.21072912687428e-07,0.650847866451145,0.854,0.801,0.00319354021795629,0.650847866451145,"FBLN1"
"MFGE8",1.23321519240335e-07,-0.645711541394495,0.435,0.582,0.00325285171300231,-0.645711541394495,"MFGE8"
"FUS",1.28520670160796e-07,0.381902081936739,0.694,0.49,0.00338998971683131,0.381902081936739,"FUS"
"RPL24",1.33977015174692e-07,-0.362709296507499,0.983,0.995,0.00353391172926285,-0.362709296507499,"RPL24"
"ALDH6A1",1.48822835406273e-07,-0.264622314238976,0.107,0.245,0.00392549992951125,-0.264622314238976,"ALDH6A1"
"RPS15A",1.54119919595949e-07,-0.375347898664292,0.99,0.995,0.00406522111918234,-0.375347898664292,"RPS15A"
"BNIP3",1.70935711667976e-07,-0.38943668523739,0.21,0.378,0.00450877126666621,-0.38943668523739,"BNIP3"
"PRELP",1.81735884780266e-07,-0.930639023213049,0.605,0.684,0.00479364743284907,-0.930639023213049,"PRELP"
"FAT4",2.07763951816806e-07,0.415131719174442,0.309,0.133,0.0054801897570719,0.415131719174442,"FAT4"
"RPS16",2.08421386379815e-07,-0.330800413445793,0.974,0.99,0.00549753090854038,-0.330800413445793,"RPS16"
"SPON1",2.13728946861306e-07,0.533118581635823,0.667,0.49,0.00563752843136066,0.533118581635823,"SPON1"
"PHLDA1",2.15329970969246e-07,0.469191902547711,0.403,0.204,0.0056797586442558,0.469191902547711,"PHLDA1"
"CLEC11A",2.42641672069076e-07,0.344277318205507,0.563,0.337,0.00640015938416602,0.344277318205507,"CLEC11A"
"EIF4A1",2.53036417800265e-07,-0.314976719920638,0.189,0.352,0.00667434159231759,-0.314976719920638,"EIF4A1"
"TWSG1",2.80775776812209e-07,0.363748562686099,0.358,0.173,0.00740602266497563,0.363748562686099,"TWSG1"
"WNT5A",2.91173127957725e-07,0.368871603115201,0.159,0.02,0.00768027359614091,0.368871603115201,"WNT5A"
"RAC1",3.08117652890624e-07,0.37799922655042,0.952,0.888,0.00812721933029598,0.37799922655042,"RAC1"
"RPS24",3.25070534468783e-07,-0.393668729048567,0.995,0.995,0.0085743854876831,-0.393668729048567,"RPS24"
"COL18A1",3.4910597310868e-07,0.419383348189035,0.465,0.276,0.00920836825268765,0.419383348189035,"COL18A1"
"ENC1",3.52883146941179e-07,0.463363292402311,0.326,0.148,0.00930799876686749,0.463363292402311,"ENC1"
"LDHB",3.54631765607271e-07,-0.360205973913636,0.694,0.816,0.00935412208142298,-0.360205973913636,"LDHB"
"RPS3",3.75794858323442e-07,-0.38645651604815,0.989,0.995,0.00991234097799744,-0.38645651604815,"RPS3"
"RPL22",4.15816109636815e-07,-0.374611450032384,0.974,0.99,0.0109679815238903,-0.374611450032384,"RPL22"
"TMEM120A",4.19843755043875e-07,-0.314958469278114,0.18,0.337,0.0110742187267923,-0.314958469278114,"TMEM120A"
"TMEM98",4.49358965186386e-07,0.396428317250547,0.518,0.327,0.0118527414247213,0.396428317250547,"TMEM98"
"USMG5",4.96781680185695e-07,-0.351632710151456,0.72,0.842,0.0131036103782581,-0.351632710151456,"USMG5"
"GPNMB",4.96802897672568e-07,0.426175855228958,0.338,0.153,0.0131041700319093,0.426175855228958,"GPNMB"
"RUNX1",5.8143097765846e-07,0.363286690137143,0.406,0.204,0.0153364048976972,0.363286690137143,"RUNX1"
"ATP2B4",6.24521824834932e-07,0.321816896710979,0.311,0.133,0.016473012173671,0.321816896710979,"ATP2B4"
"BTF3",6.35253866246589e-07,-0.278878310089691,0.962,0.99,0.0167560912299863,-0.278878310089691,"BTF3"
"DYNLL1",6.40906048780368e-07,0.359669471801028,0.888,0.816,0.0169051788486798,0.359669471801028,"DYNLL1"
"RCN3",6.89279135856687e-07,0.269526396927543,0.496,0.281,0.0181811157664918,0.269526396927543,"RCN3"
"PDGFRA",7.55333036687749e-07,-0.597325561422528,0.448,0.592,0.0199234195087128,-0.597325561422528,"PDGFRA"
"NKD1",7.64866049311388e-07,-0.285266624155,0.086,0.204,0.0201748717826865,-0.285266624155,"NKD1"
"RPL34",7.83682860537836e-07,-0.388392436349716,0.989,1,0.0206712028124065,-0.388392436349716,"RPL34"
"TKT",8.55764443555133e-07,-0.31997742831893,0.282,0.454,0.0225724987276537,-0.31997742831893,"TKT"
"TAGLN",8.83862891127891e-07,0.805531872074772,0.664,0.485,0.0233136514792804,0.805531872074772,"TAGLN"
"SPTBN1",1.0511703546613e-06,0.36967006671181,0.744,0.577,0.027726720444901,0.36967006671181,"SPTBN1"
"C3",1.15852276418393e-06,0.793169636921036,0.519,0.352,0.0305583549508796,0.793169636921036,"C3"
"STEAP2",1.26524557531576e-06,0.423518043466047,0.362,0.184,0.0333733825401039,0.423518043466047,"STEAP2"
"RP11-384F7.2",1.30050642841559e-06,-0.435050805467256,0.145,0.281,0.034303458062318,-0.435050805467256,"RP11-384F7.2"
"FABP4",1.30109021515112e-06,-0.308582432752551,0.027,0.102,0.0343188566050411,-0.308582432752551,"FABP4"
"STAT3",1.30866673011115e-06,0.330926941591686,0.613,0.398,0.0345187023401417,0.330926941591686,"STAT3"
"ALDH1A3",1.33063159485492e-06,0.367636482377391,0.208,0.061,0.0350980695774882,0.367636482377391,"ALDH1A3"
"SKP1",1.33816364599063e-06,0.321489818548994,0.952,0.883,0.0352967424902948,0.321489818548994,"SKP1"
"RPL7A",1.45495019757045e-06,-0.366469956127388,0.994,0.99,0.0383772213613156,-0.366469956127388,"RPL7A"
"CST2",1.47073541464846e-06,0.782108271938209,0.144,0.02,0.0387935880321823,0.782108271938209,"CST2"
"RPL27",1.55467915742272e-06,-0.379996751329356,0.941,0.985,0.041007772135339,-0.379996751329356,"RPL27"
"C1QB",1.66007005289921e-06,-0.38294292315189,0.207,0.347,0.0437876677853224,-0.38294292315189,"C1QB"
"RPL9",1.66982844484418e-06,-0.288087630488782,0.974,1,0.0440450648896548,-0.288087630488782,"RPL9"
"DNAJB1",1.74805781804322e-06,0.521255920903937,0.499,0.347,0.0461085210665259,0.521255920903937,"DNAJB1"
"MYL6",1.89588141556074e-06,0.316886414709233,0.994,0.995,0.0500076640982457,0.316886414709233,"MYL6"
"SFRP4",1.94344932122576e-06,0.690242208448902,0.365,0.194,0.0512623627459718,0.690242208448902,"SFRP4"
"NUCKS1",2.00325822673903e-06,0.349425944101414,0.685,0.515,0.0528399422466954,0.349425944101414,"NUCKS1"
"SFTPA2",2.05561864731042e-06,0.484450147360141,0.284,0.117,0.0542210530601069,0.484450147360141,"SFTPA2"
"NFIX",2.10659686307438e-06,0.321150785351979,0.418,0.235,0.0555657054573128,0.321150785351979,"NFIX"
"ECM1",2.14981597705381e-06,0.430518273599847,0.449,0.286,0.0567056960267483,0.430518273599847,"ECM1"
"FAM133B",2.17817078009873e-06,0.255222858898045,0.245,0.087,0.0574536106666643,0.255222858898045,"FAM133B"
"TUBA1A",2.67595928586096e-06,0.467203601408363,0.662,0.505,0.0705837780831545,0.467203601408363,"TUBA1A"
"LMNA",2.72841476840579e-06,0.488668389701835,0.828,0.709,0.0719673963462395,0.488668389701835,"LMNA"
"TCF12",2.729756208528e-06,0.437119904087473,0.47,0.306,0.0720027795123431,0.437119904087473,"TCF12"
"ZBTB20",2.79448074065402e-06,0.333054810769306,0.439,0.27,0.073710018496231,0.333054810769306,"ZBTB20"
"SLC44A1",2.98716811322303e-06,-0.412221166328493,0.317,0.464,0.0787925333224838,-0.412221166328493,"SLC44A1"
"HSPH1",3.02630375382846e-06,0.517850019385895,0.248,0.097,0.0798248141147332,0.517850019385895,"HSPH1"
"HIST1H1C",3.25743577793475e-06,-0.258638350905227,0.08,0.189,0.085921383514585,-0.258638350905227,"HIST1H1C"
"CCNB1IP1",3.46184209014601e-06,-0.268795378674824,0.145,0.276,0.0913130088117812,-0.268795378674824,"CCNB1IP1"
"MYH9",3.5861205843606e-06,0.448554827504027,0.494,0.332,0.0945911026536796,0.448554827504027,"MYH9"
"RPL28",3.61204704997729e-06,-0.324730183741461,0.998,0.985,0.095274965037251,-0.324730183741461,"RPL28"
"RPL5",3.6713638584975e-06,-0.415960696841517,0.982,0.995,0.0968395644955885,-0.415960696841517,"RPL5"
"FBN1",3.84032025051969e-06,0.369435938672375,0.667,0.505,0.101296127247958,0.369435938672375,"FBN1"
"CTSK",3.8787072033304e-06,0.533670995229273,0.552,0.372,0.102308659902246,0.533670995229273,"CTSK"
"EIF1",3.88377916851318e-06,-0.304250160717745,0.999,1,0.102442443127872,-0.304250160717745,"EIF1"
"HGF",3.88452341873936e-06,0.477217768917562,0.352,0.199,0.102462074216088,0.477217768917562,"HGF"
"WLS",4.13458401291111e-06,0.313888011807159,0.403,0.224,0.109057922508556,0.313888011807159,"WLS"
"C16orf89",4.39692225986001e-06,0.278595906173389,0.23,0.082,0.115977618448327,0.278595906173389,"C16orf89"
"SSC5D",4.4753178158049e-06,0.344203083222039,0.368,0.199,0.118045458027486,0.344203083222039,"SSC5D"
"ARGLU1",4.79451064018292e-06,0.287554953976112,0.51,0.321,0.126464807156105,0.287554953976112,"ARGLU1"
"SLC8A1",5.11363524054519e-06,0.261336999114196,0.192,0.056,0.134882356739861,0.261336999114196,"SLC8A1"
"RPL12",5.19780693089964e-06,-0.301939911418014,0.988,0.995,0.13710255341634,-0.301939911418014,"RPL12"
"FOXF1",5.24511947189875e-06,0.287938434041423,0.218,0.077,0.138350516310273,0.287938434041423,"FOXF1"
"CTSO",5.33275795077648e-06,0.315013053287008,0.387,0.214,0.140662156467631,0.315013053287008,"CTSO"
"CD34",5.42737299145007e-06,0.30152833843159,0.197,0.061,0.143157817395479,0.30152833843159,"CD34"
"PPDPF",5.46946718401577e-06,0.321192978111644,0.97,0.98,0.144268135912784,0.321192978111644,"PPDPF"
"C1QC",5.61709441456101e-06,-0.423694961432254,0.175,0.301,0.148162099372876,-0.423694961432254,"C1QC"
"PTGFRN",5.96044362886289e-06,0.256043167563921,0.218,0.077,0.157218621598516,0.256043167563921,"PTGFRN"
"ZYX",6.13477970079629e-06,-0.404934254632716,0.6,0.719,0.161817084167904,-0.404934254632716,"ZYX"
"ROBO1",6.29577211195816e-06,0.332636440782181,0.355,0.194,0.16606358099712,0.332636440782181,"ROBO1"
"MYADM",6.44467726707116e-06,0.502272180683565,0.542,0.367,0.169991252273536,0.502272180683565,"MYADM"
"SGCD",6.85965589592003e-06,0.294248826338774,0.331,0.168,0.180937143566683,0.294248826338774,"SGCD"
"WFDC1",7.25141104268001e-06,0.299380800916122,0.216,0.077,0.191270469072771,0.299380800916122,"WFDC1"
"EIF3H",7.66377343600513e-06,-0.369023954801933,0.424,0.561,0.202147351921507,-0.369023954801933,"EIF3H"
"FAT1",7.84563783051468e-06,0.278475353655026,0.242,0.097,0.206944389055486,0.278475353655026,"FAT1"
"RPS7",8.02519183999714e-06,-0.332948391600303,0.986,0.995,0.211680485163605,-0.332948391600303,"RPS7"
"NPM1",8.48606491519717e-06,-0.422351307710125,0.908,0.929,0.223836934268156,-0.422351307710125,"NPM1"
"RBMS1",8.5580564693321e-06,0.367883879281176,0.554,0.388,0.225735855491573,0.367883879281176,"RBMS1"
"RPLP2",8.57227246322512e-06,-0.349552379454001,0.978,0.985,0.226110830762489,-0.349552379454001,"RPLP2"
"EMP2",8.74799711621622e-06,0.318620946455712,0.636,0.449,0.230745919934435,0.318620946455712,"EMP2"
"MOXD1",8.83022783960516e-06,0.446194188113448,0.541,0.378,0.232914919725265,0.446194188113448,"MOXD1"
"CD9",9.12374581631781e-06,0.518061233066222,0.744,0.668,0.240657043397015,0.518061233066222,"CD9"
"ERLEC1",9.76898404044762e-06,0.332869858704411,0.49,0.321,0.257676492034887,0.332869858704411,"ERLEC1"
"GAS6",9.88172476134745e-06,0.498412580349491,0.432,0.286,0.260650254030062,0.498412580349491,"GAS6"
"CCDC85B",9.91122706440422e-06,0.279441865792625,0.604,0.413,0.26142843627779,0.279441865792625,"CCDC85B"
"RPS13",9.92397150967489e-06,-0.306335375267301,0.99,0.995,0.261764596510695,-0.306335375267301,"RPS13"
"LINC00657",1.04805946667706e-05,0.444931895894596,0.583,0.439,0.276446645525408,0.444931895894596,"LINC00657"
"SVEP1",1.07519787641633e-05,-0.439627347220995,0.242,0.388,0.283604943862335,-0.439627347220995,"SVEP1"
"S100A4",1.11073189510719e-05,0.436043235448548,0.895,0.786,0.292977751972423,0.436043235448548,"S100A4"
"TIMP2",1.11872290505018e-05,0.323953430062952,0.736,0.531,0.295085540665087,0.323953430062952,"TIMP2"
"ZBTB16",1.17316693944505e-05,-0.396438428337524,0.185,0.311,0.309446243617421,-0.396438428337524,"ZBTB16"
"AOC3",1.17865634572212e-05,-0.665534871372137,0.335,0.454,0.310894184311124,-0.665534871372137,"AOC3"
"EMP3",1.20516169813138e-05,0.282185968899008,0.793,0.735,0.317885501116115,0.282185968899008,"EMP3"
"MORF4L2",1.2615042643128e-05,-0.303386540955549,0.453,0.592,0.332746979797787,-0.303386540955549,"MORF4L2"
"FLYWCH2",1.27142005133366e-05,0.260521583666333,0.273,0.128,0.33536246694028,0.260521583666333,"FLYWCH2"
"JUP",1.30020048822808e-05,-0.321523433672528,0.128,0.245,0.34295388277992,-0.321523433672528,"JUP"
"SEC62",1.30767877659066e-05,0.329845866201355,0.787,0.673,0.344926430901318,0.329845866201355,"SEC62"
"ATRX",1.33786154754275e-05,0.344133809808334,0.497,0.342,0.352887740395352,0.344133809808334,"ATRX"
"DDR2",1.35511356153961e-05,0.301826888830853,0.381,0.219,0.357438304127303,0.301826888830853,"DDR2"
"DUSP1",1.41366481563263e-05,-0.59481850371489,0.907,0.923,0.372882368419419,-0.59481850371489,"DUSP1"
"TACC1",1.41933132794689e-05,0.382861360366508,0.627,0.464,0.374377024372551,0.382861360366508,"TACC1"
"SCARB2",1.44746389301849e-05,0.310920764774869,0.653,0.49,0.381797551061487,0.310920764774869,"SCARB2"
"CHN1",1.5271055456187e-05,0.308188017296648,0.316,0.158,0.402804629767844,0.308188017296648,"CHN1"
"PDE4D",1.61748018987929e-05,0.317022052465951,0.301,0.148,0.426642749684461,0.317022052465951,"PDE4D"
"RPL23",1.63544249453947e-05,-0.279151986468837,0.808,0.913,0.431380666784677,-0.279151986468837,"RPL23"
"RPS3A",1.68245318845108e-05,-0.342438476867037,0.99,1,0.443780677517742,-0.342438476867037,"RPS3A"
"PDLIM2",1.71296291157189e-05,-0.431402121841938,0.263,0.383,0.451828227185318,-0.431402121841938,"PDLIM2"
"CCND1",1.73863526190051e-05,0.277409996003376,0.215,0.082,0.458599823031497,0.277409996003376,"CCND1"
"RPS12",1.75903472587005e-05,-0.290693556134656,0.996,1,0.463980589642743,-0.290693556134656,"RPS12"
"AHR",1.80452818487496e-05,0.401572316167737,0.417,0.26,0.475980399324469,0.401572316167737,"AHR"
"IGFBP5",1.83521100453294e-05,0.950114237419449,0.608,0.454,0.484073606665653,0.950114237419449,"IGFBP5"
"MT-ND4L",1.9120091592265e-05,-0.441600911152117,0.995,0.959,0.504330655929173,-0.441600911152117,"MT-ND4L"
"CTGF",1.92937469170205e-05,-0.931326432891684,0.598,0.735,0.508911162430251,-0.931326432891684,"CTGF"
"SERPINA3",1.94958293404762e-05,-0.725627823048146,0.237,0.362,0.51424149051374,-0.725627823048146,"SERPINA3"
"ABHD14B",2.10895933311742e-05,-0.276130566859081,0.235,0.372,0.556280203296382,-0.276130566859081,"ABHD14B"
"SPRY1",2.11619351180892e-05,0.261072446421128,0.63,0.464,0.55818836260984,0.261072446421128,"SPRY1"
"BMP5",2.12655344679653e-05,0.479636616980565,0.381,0.235,0.56092100266152,0.479636616980565,"BMP5"
"VDAC2",2.18726381824064e-05,-0.330702860446924,0.444,0.577,0.576934577337334,-0.330702860446924,"VDAC2"
"ATP6V0E1",2.35250602467913e-05,0.302638884176876,0.877,0.847,0.620520514129614,0.302638884176876,"ATP6V0E1"
"AASS",2.36397469745434e-05,-0.256101964411211,0.092,0.194,0.623545605947531,-0.256101964411211,"AASS"
"NDUFAF3",2.40805537682672e-05,0.281940567301239,0.509,0.337,0.635172766745584,0.281940567301239,"NDUFAF3"
"RPS8",2.41005156618618e-05,-0.26636335211656,0.995,0.995,0.635699301612929,-0.26636335211656,"RPS8"
"SPINT2",2.465933460757e-05,-0.472977380780093,0.268,0.403,0.650439268943875,-0.472977380780093,"SPINT2"
"GLIPR1",2.5607999446165e-05,0.329908551463559,0.31,0.168,0.675462201391494,0.329908551463559,"GLIPR1"
"RPLP1",2.66654797264996e-05,-0.257731789518671,1,1,0.70335535874588,-0.257731789518671,"RPLP1"
"ZFAND5",2.88928537158252e-05,-0.527875051100637,0.493,0.597,0.762106802462321,-0.527875051100637,"ZFAND5"
"EMP1",3.03940055886099e-05,0.635918187264659,0.542,0.408,0.801702685410763,0.635918187264659,"EMP1"
"RPS23",3.05229881156289e-05,-0.295153608769604,0.998,0.995,0.805104857525943,-0.295153608769604,"RPS23"
"ACTB",3.05475745184125e-05,-0.304431603343118,0.999,1,0.805753373072166,-0.304431603343118,"ACTB"
"PDE5A",3.06797172269946e-05,0.25513806475443,0.363,0.199,0.809238901296435,0.25513806475443,"PDE5A"
"NAPSA",3.10223039238511e-05,0.387095993308719,0.182,0.066,0.818275310599422,0.387095993308719,"NAPSA"
"FBLN5",3.125187626928e-05,-0.820579030784081,0.552,0.587,0.824330740354798,-0.820579030784081,"FBLN5"
"PIEZO2",3.16973153919502e-05,0.327943083152865,0.306,0.163,0.83608008809347,0.327943083152865,"PIEZO2"
"ARL6IP5",3.34502776219563e-05,0.285543794264911,0.812,0.699,0.88231797283434,0.285543794264911,"ARL6IP5"
"PLTP",3.35097206969024e-05,0.325651271644875,0.674,0.51,0.883885902822195,0.325651271644875,"PLTP"
"PSMB6",3.38258282412654e-05,0.319422841174551,0.556,0.398,0.892223871519859,0.319422841174551,"PSMB6"
"STEAP1",3.53080392343159e-05,0.351988557119516,0.355,0.209,0.93132015088355,0.351988557119516,"STEAP1"
"HSPB1",3.62598853336004e-05,0.290547094803147,0.945,0.934,0.956426995444377,0.290547094803147,"HSPB1"
"PMEPA1",3.96631004593413e-05,0.322704329045293,0.31,0.158,1,0.322704329045293,"PMEPA1"
"EIF3M",4.02068388846121e-05,-0.328919333157235,0.341,0.464,1,-0.328919333157235,"EIF3M"
"RARRES3",4.07727213592243e-05,0.402988755455614,0.346,0.204,1,0.402988755455614,"RARRES3"
"TALDO1",4.08260982791124e-05,-0.310318862408144,0.37,0.515,1,-0.310318862408144,"TALDO1"
"PDIA3",4.44487339770046e-05,0.257938422652331,0.845,0.709,1,0.257938422652331,"PDIA3"
"CPE",5.06511368582394e-05,0.366797242633595,0.247,0.117,1,0.366797242633595,"CPE"
"BST2",5.09956680016036e-05,0.403396579924131,0.285,0.148,1,0.403396579924131,"BST2"
"SARS",5.18169945958633e-05,-0.289476876730933,0.328,0.454,1,-0.289476876730933,"SARS"
"GLT8D2",5.25885488149338e-05,0.278377314509809,0.381,0.235,1,0.278377314509809,"GLT8D2"
"RAB2A",5.4099966144539e-05,0.278319515385549,0.7,0.551,1,0.278319515385549,"RAB2A"
"DSE",5.53894009852399e-05,-0.364046048018235,0.215,0.337,1,-0.364046048018235,"DSE"
"SEPT11",5.58303000885073e-05,0.43101627062515,0.603,0.485,1,0.43101627062515,"SEPT11"
"KIF13B",5.62106054168079e-05,0.261375555806678,0.189,0.071,1,0.261375555806678,"KIF13B"
"TCF4",5.65837710205535e-05,0.299003598004377,0.668,0.505,1,0.299003598004377,"TCF4"
"NUCB2",5.78068034784944e-05,0.290808086445714,0.488,0.327,1,0.290808086445714,"NUCB2"
"RPS26",5.80593150049742e-05,-0.5817870288551,0.964,0.969,1,-0.5817870288551,"RPS26"
"ANK2",5.87036465379698e-05,0.346257251692767,0.251,0.122,1,0.346257251692767,"ANK2"
"NR3C1",5.8855751496816e-05,0.271564102126317,0.416,0.255,1,0.271564102126317,"NR3C1"
"GLUD1",6.21993952826389e-05,0.281732805918264,0.428,0.276,1,0.281732805918264,"GLUD1"
"TGFBR2",6.30693417090623e-05,0.356203802074492,0.401,0.255,1,0.356203802074492,"TGFBR2"
"FMO2",6.45956816604765e-05,-0.485586543948923,0.458,0.561,1,-0.485586543948923,"FMO2"
"AEBP1",6.48153755158381e-05,0.40985781124163,0.785,0.582,1,0.40985781124163,"AEBP1"
"C19orf60",6.73017171675528e-05,0.252943512731939,0.544,0.383,1,0.252943512731939,"C19orf60"
"ZNF428",6.79968058009648e-05,0.274475612899276,0.461,0.311,1,0.274475612899276,"ZNF428"
"GADD45A",6.85576898012435e-05,0.334944067449976,0.341,0.194,1,0.334944067449976,"GADD45A"
"FBP1",6.91915081317069e-05,-0.334217285579461,0.215,0.332,1,-0.334217285579461,"FBP1"
"RPS2",6.9963222237222e-05,-0.36445204002045,0.998,0.995,1,-0.36445204002045,"RPS2"
"TSPAN13",7.20746099755381e-05,0.27326879861336,0.221,0.097,1,0.27326879861336,"TSPAN13"
"RBM25",7.22364873469388e-05,0.254259640274232,0.49,0.321,1,0.254259640274232,"RBM25"
"RNF11",7.39710601530436e-05,0.261520934225159,0.341,0.194,1,0.261520934225159,"RNF11"
"CDK2AP2",7.43667708022209e-05,-0.330214159164892,0.183,0.296,1,-0.330214159164892,"CDK2AP2"
"CALCOCO2",7.70647291767528e-05,-0.342195275879945,0.396,0.515,1,-0.342195275879945,"CALCOCO2"
"GOLIM4",7.76231022226938e-05,0.292502782344159,0.45,0.301,1,0.292502782344159,"GOLIM4"
"TOP1",7.97990759652849e-05,0.288222490637448,0.376,0.23,1,0.288222490637448,"TOP1"
"RPS20",8.00939881582138e-05,-0.267651395234386,0.755,0.837,1,-0.267651395234386,"RPS20"
"CAV1",8.01696841142242e-05,0.421625827392487,0.712,0.597,1,0.421625827392487,"CAV1"
"FKBP5",8.18435453858139e-05,-0.275121743923743,0.267,0.403,1,-0.275121743923743,"FKBP5"
"GPC3",9.44403073945704e-05,-0.481938766933778,0.434,0.566,1,-0.481938766933778,"GPC3"
"PAPSS2",9.45099155862985e-05,-0.342319397944561,0.279,0.403,1,-0.342319397944561,"PAPSS2"
"H2AFJ",9.6265705400613e-05,-0.342327276981733,0.554,0.658,1,-0.342327276981733,"H2AFJ"
"FNDC3B",9.67440726488959e-05,0.257062431361487,0.39,0.23,1,0.257062431361487,"FNDC3B"
"NDNF",9.9093336031678e-05,0.385003614347479,0.352,0.209,1,0.385003614347479,"NDNF"
"TMEM30A",0.000101088909951634,0.280339901950405,0.465,0.301,1,0.280339901950405,"TMEM30A"
"HADHB",0.000102062350192494,-0.282327791981675,0.282,0.403,1,-0.282327791981675,"HADHB"
"NEDD9",0.000105615074509957,-0.441422680003329,0.267,0.378,1,-0.441422680003329,"NEDD9"
"SLC40A1",0.000106504413592357,-0.345092370830141,0.53,0.648,1,-0.345092370830141,"SLC40A1"
"CCL11",0.000106592599826675,0.954154362485823,0.175,0.066,1,0.954154362485823,"CCL11"
"PHB2",0.000109375670825681,-0.309266336553407,0.411,0.52,1,-0.309266336553407,"PHB2"
"PRG4",0.000111579911942284,0.383327523492806,0.269,0.143,1,0.383327523492806,"PRG4"
"PTPRS",0.000120664974498166,-0.331954841125381,0.23,0.352,1,-0.331954841125381,"PTPRS"
"RPL6",0.000121279931456304,-0.341837211757523,0.989,1,1,-0.341837211757523,"RPL6"
"ITM2C",0.00012266993027073,0.28578883206346,0.3,0.173,1,0.28578883206346,"ITM2C"
"LEPR",0.000122753692147582,0.251932336912805,0.2,0.082,1,0.251932336912805,"LEPR"
"TCEAL1",0.000123702339554844,-0.255858930237311,0.172,0.281,1,-0.255858930237311,"TCEAL1"
"PLPP3",0.000123813192410412,0.431493876590936,0.615,0.454,1,0.431493876590936,"PLPP3"
"GLG1",0.000130713976792291,0.299583630783723,0.488,0.332,1,0.299583630783723,"GLG1"
"MYH11",0.000132340254126638,0.457863435483735,0.139,0.041,1,0.457863435483735,"MYH11"
"COL4A1",0.000142088798424761,0.498094399083935,0.472,0.327,1,0.498094399083935,"COL4A1"
"LY6E",0.000143185585950199,0.339559723573238,0.838,0.801,1,0.339559723573238,"LY6E"
"EGFL6",0.000155544277129904,0.406020690107542,0.285,0.158,1,0.406020690107542,"EGFL6"
"FSCN1",0.000159021036680703,-0.255564647816215,0.172,0.286,1,-0.255564647816215,"FSCN1"
"MYL9",0.000162146521484502,0.450526646738012,0.811,0.719,1,0.450526646738012,"MYL9"
"GRINA",0.000171301117788369,-0.344696132526424,0.524,0.638,1,-0.344696132526424,"GRINA"
"NNMT",0.000174715480457346,0.34352697837132,0.761,0.612,1,0.34352697837132,"NNMT"
"RNASE4",0.000195109930729012,-0.303987649631129,0.309,0.423,1,-0.303987649631129,"RNASE4"
"CKB",0.000197728357719169,-0.341359448859088,0.216,0.332,1,-0.341359448859088,"CKB"
"MFAP4",0.000207883025381677,0.498256284995684,0.87,0.832,1,0.498256284995684,"MFAP4"
"ZMAT3",0.000210894649173614,0.254756937597203,0.196,0.087,1,0.254756937597203,"ZMAT3"
"LINC00152",0.000211470743750197,-0.345261404717565,0.214,0.321,1,-0.345261404717565,"LINC00152"
"WFDC2",0.000214634515775473,0.335061526138439,0.242,0.128,1,0.335061526138439,"WFDC2"
"F2R",0.000218112052673353,0.439023869831865,0.394,0.26,1,0.439023869831865,"F2R"
"COL12A1",0.000221621794808042,1.0776830389507,0.287,0.173,1,1.0776830389507,"COL12A1"
"HSBP1",0.00022200436434744,0.280666954532743,0.641,0.556,1,0.280666954532743,"HSBP1"
"HP1BP3",0.000226378550730901,0.252652578363147,0.546,0.398,1,0.252652578363147,"HP1BP3"
"CD151",0.000241931450232343,0.270715758116824,0.71,0.577,1,0.270715758116824,"CD151"
"MYL12A",0.000242021450579819,-0.334309860764729,0.913,0.944,1,-0.334309860764729,"MYL12A"
"HSP90AB1",0.000257601739527865,0.284294997203775,0.964,0.929,1,0.284294997203775,"HSP90AB1"
"RPL3",0.000262132611979949,-0.307855081034318,0.995,1,1,-0.307855081034318,"RPL3"
"EIF4B",0.000265776709302214,-0.270306728303954,0.417,0.536,1,-0.270306728303954,"EIF4B"
"AREG",0.000270446969819945,0.499502514182041,0.109,0.026,1,0.499502514182041,"AREG"
"SLIT3",0.000270829150840785,0.324207203904294,0.445,0.296,1,0.324207203904294,"SLIT3"
"MMP24-AS1",0.000276362463847988,-0.264964057846077,0.256,0.367,1,-0.264964057846077,"MMP24-AS1"
"EEF1B2",0.000282288677859692,-0.415087568109941,0.932,0.964,1,-0.415087568109941,"EEF1B2"
"B4GALT1",0.000289438125196877,0.31131292336583,0.296,0.179,1,0.31131292336583,"B4GALT1"
"PRKDC",0.000292762255522654,0.252883731724973,0.399,0.255,1,0.252883731724973,"PRKDC"
"GYPC",0.000309237765973235,-0.367956341606475,0.558,0.673,1,-0.367956341606475,"GYPC"
"CSNK1A1",0.00030987135417567,0.262721219022429,0.523,0.383,1,0.262721219022429,"CSNK1A1"
"C8orf59",0.000322022836133777,-0.322795992427147,0.435,0.541,1,-0.322795992427147,"C8orf59"
"EEA1",0.000324394299537639,0.255171103950473,0.465,0.321,1,0.255171103950473,"EEA1"
"TCEA1",0.000346262894208729,0.255279510487455,0.541,0.413,1,0.255279510487455,"TCEA1"
"DNAJC1",0.000347619484320694,0.266517647055204,0.427,0.296,1,0.266517647055204,"DNAJC1"
"MT1A",0.000380448854207613,0.446830928735452,0.154,0.061,1,0.446830928735452,"MT1A"
"TPI1",0.000393613649808369,0.26384906690335,0.891,0.847,1,0.26384906690335,"TPI1"
"GPX1",0.000459437440582335,0.34976515058254,0.866,0.837,1,0.34976515058254,"GPX1"
"YWHAB",0.000459752431870354,0.266661063233154,0.801,0.776,1,0.266661063233154,"YWHAB"
"ANKRD10",0.000460370793133242,0.26261645194487,0.412,0.27,1,0.26261645194487,"ANKRD10"
"LAMC1",0.000460591319468943,-0.34122759219477,0.401,0.515,1,-0.34122759219477,"LAMC1"
"EIF3F",0.000462404580816501,-0.310355797550146,0.712,0.796,1,-0.310355797550146,"EIF3F"
"RPS6",0.00048292729795486,-0.271166644085858,0.994,1,1,-0.271166644085858,"RPS6"
"SYNGR2",0.00049678632773453,-0.28526157861121,0.246,0.352,1,-0.28526157861121,"SYNGR2"
"PRKAR1A",0.000497399802627662,0.284123773140501,0.531,0.403,1,0.284123773140501,"PRKAR1A"
"CALR",0.0005091381027387,0.26433372770722,0.84,0.791,1,0.26433372770722,"CALR"
"DDX24",0.000524194588442849,0.255443129368021,0.539,0.393,1,0.255443129368021,"DDX24"
"ST3GAL4",0.000537236262073672,0.276326229032884,0.343,0.23,1,0.276326229032884,"ST3GAL4"
"OSTF1",0.000542753770092478,-0.266526503312667,0.219,0.321,1,-0.266526503312667,"OSTF1"
"TNS2",0.000553770037869966,-0.316837458970226,0.199,0.291,1,-0.316837458970226,"TNS2"
"MFAP5",0.000558656317953272,-0.560276163702626,0.042,0.102,1,-0.560276163702626,"MFAP5"
"TPT1",0.000559850174037713,-0.330807281166205,0.995,0.995,1,-0.330807281166205,"TPT1"
"RPL15",0.00060251111412484,-0.251767818529679,0.998,0.98,1,-0.251767818529679,"RPL15"
"GADD45G",0.000625236870355593,0.251807671106645,0.14,0.051,1,0.251807671106645,"GADD45G"
"RNH1",0.00063268846743492,-0.272735288668152,0.523,0.628,1,-0.272735288668152,"RNH1"
"RPS5",0.000633162143558455,-0.290374460680387,0.986,0.98,1,-0.290374460680387,"RPS5"
"EDIL3",0.000635248311666165,0.503531754149804,0.299,0.189,1,0.503531754149804,"EDIL3"
"SCARA5",0.000647638598951859,0.27589592180327,0.182,0.082,1,0.27589592180327,"SCARA5"
"SLC39A7",0.000662731203142281,0.252519971621853,0.341,0.224,1,0.252519971621853,"SLC39A7"
"INMT",0.000690003467852018,-0.310087449290933,0.241,0.347,1,-0.310087449290933,"INMT"
"CFI",0.000714949094244454,0.267188154858342,0.294,0.179,1,0.267188154858342,"CFI"
"PDLIM1",0.0007409202253063,-0.359561795676888,0.503,0.592,1,-0.359561795676888,"PDLIM1"
"P4HA2",0.000753082852412118,0.254779811558356,0.427,0.296,1,0.254779811558356,"P4HA2"
"APEX1",0.000793810566876925,-0.25078314545136,0.327,0.434,1,-0.25078314545136,"APEX1"
"GARS",0.000797965730658054,-0.263515797733479,0.186,0.281,1,-0.263515797733479,"GARS"
"BRD2",0.000839848711650566,0.262136065884863,0.353,0.23,1,0.262136065884863,"BRD2"
"TSC22D3",0.000854491763698253,-0.662003278296058,0.722,0.73,1,-0.662003278296058,"TSC22D3"
"RGCC",0.000865417129742048,-0.965184049190464,0.731,0.735,1,-0.965184049190464,"RGCC"
"COLEC12",0.000872833011877082,0.275626596463961,0.245,0.138,1,0.275626596463961,"COLEC12"
"CLU",0.000920419802373625,0.596540106903205,0.554,0.444,1,0.596540106903205,"CLU"
"PCSK1N",0.000920612993862996,0.35820107784669,0.137,0.051,1,0.35820107784669,"PCSK1N"
"RSL24D1",0.000930763526318528,-0.28345077112624,0.38,0.469,1,-0.28345077112624,"RSL24D1"
"TCF21",0.000952669563179616,-0.410435364414585,0.568,0.653,1,-0.410435364414585,"TCF21"
"CASC4",0.000955760878240677,0.253277045282468,0.319,0.209,1,0.253277045282468,"CASC4"
"ADI1",0.000962428913698114,-0.312754513726229,0.422,0.515,1,-0.312754513726229,"ADI1"
"TNFSF13B",0.000964858632683262,0.304407759397603,0.232,0.128,1,0.304407759397603,"TNFSF13B"
"SLC1A5",0.00100044066701196,-0.386612221942229,0.289,0.383,1,-0.386612221942229,"SLC1A5"
"RAPH1",0.00100675879753918,-0.270112113284123,0.13,0.219,1,-0.270112113284123,"RAPH1"
"TTC3",0.0010282343880158,0.261235023296152,0.497,0.367,1,0.261235023296152,"TTC3"
"MZT2B",0.00104360662215666,-0.342930995456287,0.333,0.413,1,-0.342930995456287,"MZT2B"
"CD248",0.00110462806078812,0.268694632683754,0.472,0.337,1,0.268694632683754,"CD248"
"SH3D19",0.00116126429960915,-0.303785744054688,0.443,0.546,1,-0.303785744054688,"SH3D19"
"SULF1",0.00119385159439191,0.535200684634041,0.285,0.173,1,0.535200684634041,"SULF1"
"EIF4G2",0.00124580611870967,0.294799633141251,0.718,0.679,1,0.294799633141251,"EIF4G2"
"NFIA",0.00133779461094006,0.282101089698166,0.419,0.306,1,0.282101089698166,"NFIA"
"HACD3",0.00134847154095872,0.273941687415537,0.351,0.245,1,0.273941687415537,"HACD3"
"CD59",0.00137063146866106,0.264514133492554,0.793,0.724,1,0.264514133492554,"CD59"
"DPYSL2",0.00137246697305196,0.270439206221448,0.434,0.321,1,0.270439206221448,"DPYSL2"
"EPHA3",0.00143977803802322,0.261258780943942,0.132,0.051,1,0.261258780943942,"EPHA3"
"LPP",0.00163494070859411,0.259876226893824,0.469,0.357,1,0.259876226893824,"LPP"
"ANXA11",0.00164328305482627,-0.263725882340067,0.437,0.546,1,-0.263725882340067,"ANXA11"
"PLAGL1",0.0016624038890187,0.308595961606135,0.314,0.209,1,0.308595961606135,"PLAGL1"
"TM4SF1",0.00170321437929711,0.342843074570464,0.14,0.061,1,0.342843074570464,"TM4SF1"
"GDI2",0.00173319353383179,-0.31751128452462,0.483,0.556,1,-0.31751128452462,"GDI2"
"PODN",0.00173637275032484,0.251062334023946,0.472,0.362,1,0.251062334023946,"PODN"
"PENK",0.0019046021473863,1.28144087596018,0.105,0.036,1,1.28144087596018,"PENK"
"MT1M",0.00199519453416813,0.631124637244927,0.333,0.235,1,0.631124637244927,"MT1M"
"TUBB",0.00211797226132218,-0.301485680435983,0.658,0.724,1,-0.301485680435983,"TUBB"
"SNHG9",0.00221393059210545,0.304432011875744,0.262,0.163,1,0.304432011875744,"SNHG9"
"MT-ND6",0.00230527736186025,-0.332988997466282,0.59,0.679,1,-0.332988997466282,"MT-ND6"
"OLFML2B",0.00244221478420821,0.258471208418547,0.278,0.173,1,0.258471208418547,"OLFML2B"
"FOS",0.00246941538710462,0.329804408851651,0.927,0.908,1,0.329804408851651,"FOS"
"JUN",0.00272687477293406,0.259069124751996,0.934,0.872,1,0.259069124751996,"JUN"
"PLXDC2",0.00278560146496712,0.275402963264212,0.661,0.551,1,0.275402963264212,"PLXDC2"
"OSBPL9",0.00288968377266444,-0.341806086985345,0.359,0.439,1,-0.341806086985345,"OSBPL9"
"CCL13",0.00306464567857382,0.279204310829897,0.102,0.036,1,0.279204310829897,"CCL13"
"ANAPC11",0.00307035633321913,0.259922114870446,0.624,0.531,1,0.259922114870446,"ANAPC11"
"IGFBP3",0.00317531802159834,0.867232028178889,0.226,0.138,1,0.867232028178889,"IGFBP3"
"ATP5I",0.00320885917082099,-0.255485724328848,0.574,0.653,1,-0.255485724328848,"ATP5I"
"PLSCR4",0.00351342392488466,0.273174173942687,0.472,0.378,1,0.273174173942687,"PLSCR4"
"SCARA3",0.00361157192845465,0.259043553051942,0.196,0.112,1,0.259043553051942,"SCARA3"
"APCDD1",0.00400850468498352,0.25635100817981,0.248,0.158,1,0.25635100817981,"APCDD1"
"IER2",0.00435289508427241,-0.674684243071843,0.665,0.704,1,-0.674684243071843,"IER2"
"H2AFZ",0.00435495601669088,0.28460405152471,0.675,0.633,1,0.28460405152471,"H2AFZ"
"KLF4",0.00439358588696554,0.328460868303368,0.287,0.189,1,0.328460868303368,"KLF4"
"GPX7",0.00456197247675446,-0.278405372848646,0.21,0.286,1,-0.278405372848646,"GPX7"
"TNFRSF12A",0.00499293047680187,0.318620946455712,0.314,0.214,1,0.318620946455712,"TNFRSF12A"
"OLFML3",0.0050150044304068,-0.291555036067086,0.659,0.74,1,-0.291555036067086,"OLFML3"
"PDK4",0.00504450265138838,-0.826665833549001,0.44,0.464,1,-0.826665833549001,"PDK4"
"MAMDC2",0.0053194103062901,-0.712695726926849,0.487,0.485,1,-0.712695726926849,"MAMDC2"
"CILP",0.00543222498766881,-0.311183499267456,0.066,0.122,1,-0.311183499267456,"CILP"
"THBS2",0.00547805083443209,0.459128883146321,0.416,0.301,1,0.459128883146321,"THBS2"
"RPL22L1",0.0059742158859504,-0.592040208171486,0.437,0.474,1,-0.592040208171486,"RPL22L1"
"COL6A5",0.00598824958315924,0.250614393365485,0.137,0.066,1,0.250614393365485,"COL6A5"
"EDNRA",0.00601259989472742,0.269526396927543,0.458,0.352,1,0.269526396927543,"EDNRA"
"ALDH2",0.00618211797275177,-0.253183825340554,0.643,0.714,1,-0.253183825340554,"ALDH2"
"YBX1",0.00707365558357113,-0.267695514847416,0.911,0.954,1,-0.267695514847416,"YBX1"
"H1FX",0.00725268974332125,-0.305821014916892,0.216,0.291,1,-0.305821014916892,"H1FX"
"TSPAN8",0.00857409498173327,0.379382876156177,0.403,0.306,1,0.379382876156177,"TSPAN8"
"LTBP4",0.00945443938226469,-0.404518540251115,0.651,0.699,1,-0.404518540251115,"LTBP4"
"CH25H",0.00954883111849761,-0.34720008186289,0.181,0.097,1,-0.34720008186289,"CH25H"
"TIMP3",0.00997694833249602,-0.332481512977447,0.836,0.847,1,-0.332481512977447,"TIMP3"
"EIF3L",0.0100856093129003,-0.256960826208949,0.494,0.546,1,-0.256960826208949,"EIF3L"
"IL1R1",0.0112731404875116,0.254748341556264,0.419,0.316,1,0.254748341556264,"IL1R1"
"DNAJA1",0.0115141930587285,0.29239318976013,0.466,0.388,1,0.29239318976013,"DNAJA1"
"HSPA8",0.0120320611885011,0.325838342127252,0.839,0.842,1,0.325838342127252,"HSPA8"
"G0S2",0.0122734846916297,0.384038278051248,0.383,0.296,1,0.384038278051248,"G0S2"
"CFD",0.0124649527211412,0.321836899805982,0.685,0.628,1,0.321836899805982,"CFD"
"CSRP1",0.012953263446061,-0.260002857667362,0.633,0.719,1,-0.260002857667362,"CSRP1"
"HIF1A",0.0137357951996093,0.288690401463768,0.476,0.388,1,0.288690401463768,"HIF1A"
"SLC38A2",0.014130210054828,-0.455628283619491,0.613,0.648,1,-0.455628283619491,"SLC38A2"
"TGFBR3",0.0147431461251064,-0.287100756806152,0.305,0.367,1,-0.287100756806152,"TGFBR3"
"ACTA2",0.0154852673878632,0.632731185975321,0.53,0.454,1,0.632731185975321,"ACTA2"
"LIMCH1",0.0156998935130973,0.268994919654673,0.604,0.505,1,0.268994919654673,"LIMCH1"
"NR4A1",0.0159650878097331,-0.526262250778943,0.387,0.444,1,-0.526262250778943,"NR4A1"
"DIO3OS",0.0185744118138847,-0.27519897268489,0.175,0.235,1,-0.27519897268489,"DIO3OS"
"ABCA6",0.0187155462467912,-0.43918972043449,0.412,0.464,1,-0.43918972043449,"ABCA6"
"GAPDH",0.019176327850321,-0.261481863306498,0.991,0.995,1,-0.261481863306498,"GAPDH"
"SERPINE1",0.019230195773197,0.606309142742649,0.367,0.281,1,0.606309142742649,"SERPINE1"
"GSN",0.021805027165814,0.380435010299297,0.822,0.811,1,0.380435010299297,"GSN"
"NME2",0.0265556309576219,-0.257283448421113,0.915,0.944,1,-0.257283448421113,"NME2"
"GSTM1",0.0309040597458175,-0.701632475186147,0.204,0.26,1,-0.701632475186147,"GSTM1"
"CD302",0.0339267925881763,-0.338385545233221,0.582,0.577,1,-0.338385545233221,"CD302"
"MCL1",0.0358769791277354,0.274220000224449,0.663,0.602,1,0.274220000224449,"MCL1"
"ISLR",0.0361459712479626,-0.433442886515406,0.529,0.551,1,-0.433442886515406,"ISLR"
"JUNB",0.038690107599936,-0.342182164559599,0.884,0.908,1,-0.342182164559599,"JUNB"
"FHL1",0.0399170569957227,-0.338848286347215,0.713,0.755,1,-0.338848286347215,"FHL1"
"APOD",0.0524973309031796,-0.977886485313999,0.497,0.51,1,-0.977886485313999,"APOD"
"PLIN2",0.0574103028209958,-0.260988319771237,0.14,0.184,1,-0.260988319771237,"PLIN2"
"SFTPB",0.0673868470544319,0.262783068437628,0.423,0.393,1,0.262783068437628,"SFTPB"
"METTL7A",0.0731916803524301,-0.317171155164361,0.381,0.403,1,-0.317171155164361,"METTL7A"
"ITGBL1",0.0783496826554104,0.385334849578159,0.41,0.362,1,0.385334849578159,"ITGBL1"
"C10orf54",0.0812857866654976,-0.251305766373898,0.189,0.23,1,-0.251305766373898,"C10orf54"
"HIST1H4C",0.0997492006166307,-0.318795115883528,0.32,0.357,1,-0.318795115883528,"HIST1H4C"
"ID1",0.103952103795334,-0.511833316597117,0.171,0.214,1,-0.511833316597117,"ID1"
"SAMHD1",0.113540331909295,-0.45601185004085,0.375,0.383,1,-0.45601185004085,"SAMHD1"
"EGR1",0.125246371770566,-0.267492501552945,0.661,0.658,1,-0.267492501552945,"EGR1"
"PPP1R14A",0.125673523755545,-0.403923950444717,0.529,0.536,1,-0.403923950444717,"PPP1R14A"
"HLA-DRA",0.143573868885673,-0.265934142376039,0.614,0.628,1,-0.265934142376039,"HLA-DRA"
"ADAMTS1",0.144758197304172,-0.304624584959541,0.326,0.362,1,-0.304624584959541,"ADAMTS1"
"SERPINA1",0.183658036707762,0.305383318859512,0.453,0.459,1,0.305383318859512,"SERPINA1"
"UCHL1",0.201040570804893,-0.308997543354988,0.191,0.219,1,-0.308997543354988,"UCHL1"
"RGS16",0.22128799687787,-0.310934711558673,0.086,0.112,1,-0.310934711558673,"RGS16"
"MMP11",0.243432229511932,0.44704273157528,0.08,0.107,1,0.44704273157528,"MMP11"
"SLIT2",0.30796006099366,-0.300900010635733,0.364,0.367,1,-0.300900010635733,"SLIT2"
"CTHRC1",0.383871165760866,-0.493305829055611,0.419,0.413,1,-0.493305829055611,"CTHRC1"
"TXNIP",0.408105388792187,-0.319873091437535,0.724,0.704,1,-0.319873091437535,"TXNIP"
"IER3",0.421198742396387,-0.587895522416676,0.368,0.367,1,-0.587895522416676,"IER3"
"SFTPC",0.473583705551769,1.4451065293723,0.597,0.781,1,1.4451065293723,"SFTPC"
"BTG2",0.480499203956457,-0.36276873477531,0.364,0.362,1,-0.36276873477531,"BTG2"
"THBS1",0.847453217334357,0.507278642671914,0.461,0.444,1,0.507278642671914,"THBS1"
"HTRA1",0.99413249173625,-0.259611403658756,0.422,0.388,1,-0.259611403658756,"HTRA1"
