experiment_id,conc_pts_fit,fit_num_param,p1_conf_int_high,p1_conf_int_low,p2_conf_int_high,p2_conf_int_low,p4_conf_int_high,p4_conf_int_low,p1_center,p2_slope,p3_total_decline,p4_baseline,apparent_ec50_umol,pred_pv_high_conc,area_under_curve,master_cpd_id,cpd_name,SMILES
432,14,3,-2.97E+03,2960.0,-3.18E+02,318.0,8.22E-01,1.01,-3.17,-0.0302,0.0848,0.915,0.111,0.9152,14.45,1788,CIL55,CN(C)CCNC(=O)c1cc2CSc3cc(Cl)ccc3-c2s1
432,14,3,2.72E+00,3.66,-8.46E-01,0.11599999999999999,3.61E-01,0.613,3.19,-0.365,0.513,0.48700000000000004,9.12,0.4886,12.880999999999998,3588,BRD4132,CC(C)N1C(=O)S\C(=C\c2ccc(Sc3nc4ccccc4[nH]3)o2)C1=O
432,16,3,3.50E+00,4.83,-9.39E-01,-0.000603,3.87E-01,0.78,4.16,-0.47,0.41700000000000004,0.583,17.9,0.6375,14.605,12877,BRD6340,C(Cn1c2ccccc2c2ccccc12)c1nc2ccccc2[nH]1
432,16,3,9.60E-01,5.35,-2.53E+00,1.75,1.05E+00,1.18,3.15,-0.39,-0.114,1.11,8.9,1.1142,15.673,17712,ML006,C1CN(CCO1)c1nnc(-c2ccccc2)c(n1)-c1ccccc1
432,15,3,1.04E+00,5.53,-1.30E+00,1.06,-7.39E-02,0.126,3.29,-0.122,0.9740000000000001,0.0261,9.76,0.0261,13.289000000000001,18311,Bax channel blocker,OC(CN1CCNCC1)Cn1c2ccc(Br)cc2c2cc(Br)ccc12
432,13,3,-2.11E+04,21100.0,-3.68E+03,3680.0,9.30E-01,1.03,-1.32,-0.00281,0.0202,0.98,0.4,0.9798,14.831,19153,BRD9876,CC(C)(C)c1ccc2cc(C#N)c(cc2c1)C#N
432,16,3,-6.75E+07,67500000.0,-5.40E+06,5400000.0,9.60E-01,1.14,-55.2,-1.27,-0.0517,1.05,2.48e-17,1.0517,15.775,23151,tretinoin,CC(=CC=CC(=CC(=O)O)C)C=CC1=C(C)CCCC1(C)C
432,15,3,-3.77E+01,11.8,-2.46E+01,17.1,1.07E+00,1.19,-13.0,-3.75,-0.127,1.13,0.000126,1.1261,16.765,23256,betulinic acid,CC(=C)[C@@H]1CC[C@@]2(CC[C@]3(C)[C@H](CC[C@@H]4[C@@]5(C)CC[C@H](O)C(C)(C)[C@@H]5CC[C@@]34C)[C@@H]12)C(O)=O
432,12,2,7.84E+00,9.65,-1.57E+00,0.299,,,8.74,-0.635,1.0,0.0,429.0,0.3262,14.289000000000001,24173,phloretin,Oc1ccc(CCC(=O)c2c(O)cc(O)cc2O)cc1
432,15,3,-6.36E+04,63600.0,-4.96E+03,4960.0,-1.91E+05,191000.0,4.18,-0.10300000000000001,0.9059999999999999,0.0943,18.1,0.4957,14.069,25036,gossypol,CC(C)c1c(O)c(O)c(C=O)c2c(O)c(c(C)cc12)-c1c(C)cc2c(C(C)C)c(O)c(O)c(C=O)c2c1O
432,16,3,6.26E+00,7.36,-7.37E-01,0.174,6.37E-01,0.828,6.81,-0.282,0.267,0.733,112.0,0.7358,14.661,25334,chlorambucil,OC(=O)CCCc1ccc(cc1)N(CCCl)CCCl
432,16,3,8.02E-01,3.19,-1.76E+00,0.278,5.39E-01,0.746,1.99,-0.742,0.358,0.642,3.98,0.6425,13.2,25344,fluorouracil,Fc1c[nH]c(=O)[nH]c1=O
432,15,3,-7.78E+02,790.0,-1.06E+02,105.0,-1.91E+03,1910.0,5.93,-0.187,1.25,-0.252,61.1,0.179,14.758,26874,azacitidine,Nc1ncn([C@@H]2O[C@H](CO)[C@@H](O)[C@H]2O)c(=O)n1
432,16,2,4.05E+00,4.5,-4.99E-01,-0.0682,,,4.27,-0.284,1.0,0.0,19.3,0.0594,14.208,26914,trifluoperazine,CN1CCN(CCCN2c3ccccc3Sc3ccc(cc23)C(F)(F)F)CC1
432,16,3,-1.74E+03,1710.0,-3.85E+02,381.0,6.51E-01,0.8740000000000001,-14.1,-1.71,0.237,0.763,5.550000000000001e-05,0.7626,11.458,26956,paclitaxel,CC(=O)O[C@@H]1C2=C(C)[C@H](C[C@@](O)([C@@H](OC(=O)c3ccccc3)C3[C@@]4(CO[C@@H]4C[C@H](O)[C@@]3(C)C1=O)OC(C)=O)C2(C)C)OC(=O)[C@H](O)[C@@H](NC(=O)c1ccccc1)c1ccccc1
432,16,3,-1.13E+02,101.0,-3.98E+01,39.6,1.02E+00,1.1,-6.09,-0.0925,-0.0584,1.06,0.0147,1.0584,15.744000000000002,26972,tamoxifen,CC\C(c1ccccc1)=C(/c1ccccc1)c1ccc(OCCN(C)C)cc1
432,16,3,-1.01E+01,6.0,-6.68E+00,7.79,9.77E-01,1.08,-2.05,0.5589999999999999,-0.0289,1.03,0.24100000000000002,1.0,15.199000000000002,26979,carboplatin,O=C1O[Pt]OC(=O)C11CCC1
432,16,2,1.56E+00,3.25,-3.66E+00,-1.87,,,2.41,-2.76,1.0,0.0,5.3,0.2773,11.493,27871,teniposide,COc1cc(cc(OC)c1O)[C@H]1[C@@H]2C(COC2=O)C(O[C@@H]2O[C@@H]3CO[C@H](OC3[C@H](O)[C@H]2O)c2cccs2)c2cc3OCOc3cc12
432,15,3,-3.89E+02,391.0,-2.03E+03,2030.0,9.26E-01,1.01,1.07,-0.079,0.0299,0.97,2.1,0.9701,14.761,27872,sildenafil,CCCc1nn(C)c2C(=O)NC(=Nc12)c3cc(ccc3OCC)S(=O)(=O)N4CCN(C)CC4
432,15,3,-7.36E+07,73600000.0,-2.91E+07,29100000.0,-1.51E+02,153.0,-757.0,-184.0,-0.035,1.04,1.2999999999999996e-228,1.0345,15.517000000000001,27894,simvastatin,CCC(C)(C)C(=O)O[C@H]1C[C@@H](C)C=C2C=C[C@H](C)[C@H](CC[C@@H]3C[C@@H](O)CC(=O)O3)[C@@H]12
432,16,3,-3.35E+00,-0.546,-4.59E+01,45.7,7.03E-01,0.799,-1.95,-0.0945,0.249,0.7509999999999999,0.259,0.7507,13.008,28172,parbendazole,CCCCc1ccc2[nH]c(NC(=O)OC)nc2c1
432,16,3,-6.43E+01,69.1,-1.98E+01,19.6,9.81E-01,1.11,2.38,-0.102,-0.0429,1.04,5.19,1.0429,15.157,28183,procarbazine,CNNCc1ccc(cc1)C(=O)NC(C)C
432,16,3,3.61E+00,4.35,-4.35E-01,-0.0482,-6.11E-02,0.16399999999999998,3.98,-0.242,0.948,0.0516,15.8,0.0516,11.748,28452,curcumin,COc1cc(C=CC(=O)CC(=O)C=Cc2ccc(O)c(OC)c2)ccc1O
432,10,3,-3.56E+01,45.7,-1.54E+01,3.01,-3.45E+00,3.48,5.08,-6.21,0.985,0.0149,33.8,0.4689,10.874,28784,ciclopirox,Cc1cc(C2CCCCC2)n(O)c(=O)c1
432,16,3,5.90E+00,6.82,-8.53E-01,-0.0727,-2.94E-01,0.198,6.36,-0.46299999999999997,1.05,-0.0484,82.2,-0.0292,13.033,28801,epigallocatechin-3-monogallate,Oc1cc(O)c2C[C@@H](OC(=O)c3cc(O)c(O)c(O)c3)[C@H](Oc2c1)c1cc(O)c(O)c(O)c1
432,16,3,-7.82E+00,4.34,-5.51E+00,4.99,9.91E-01,1.13,-1.74,-0.258,-0.0576,1.06,0.299,1.0576,15.449000000000002,29985,myricetin,Oc1cc(O)c2c(c1)oc(-c1cc(O)c(O)c(O)c1)c(O)c2=O
432,15,3,-7.63E+01,86.4,-3.38E+02,337.0,3.01E-01,0.763,5.03,-0.0817,0.46799999999999997,0.532,32.8,0.5319,14.069,30620,lovastatin,CCC(C)C(=O)OC1CC(C)C=C2C=CC(C)C(CCC(O)CC(O)CC(O)=O)C12
432,16,2,7.08E+00,8.1,-1.55E+00,-0.552,,,7.59,-1.05,1.0,0.0,193.0,0.174,13.162,32372,valdecoxib,Cc1onc(c1-c1ccc(cc1)S(N)(=O)=O)-c1ccccc1
432,16,3,-2.82E+01,26.7,-2.48E+01,23.9,9.64E-01,1.05,-0.774,-0.449,-0.0075,1.01,0.585,1.0075,15.059000000000001,32620,cyclophosphamide,ClCCN(CCCl)P1(=O)NCCCO1
432,16,3,1.51E+00,5.96,-2.36E+00,1.21,4.45E-01,0.98,3.74,-0.5720000000000001,0.287,0.713,13.3,0.7176,14.334000000000001,32622,dacarbazine,CN(C)\N=N\c1[nH]cnc1C(N)=O
432,15,3,-3.03E+04,30300.0,-7.01E+04,70100.0,2.18E-01,0.42100000000000004,2.03,-0.0513,0.6809999999999999,0.32,4.09,0.3195,12.949000000000002,32653,niclosamide,Oc1ccc(Cl)cc1C(=O)Nc1ccc(cc1Cl)[N+]([O-])=O
432,15,2,3.65E+00,4.25,-9.33E-01,-0.37,,,3.95,-0.652,1.0,0.0,15.4,0.1545,12.876,33166,prochlorperazine,CN1CCN(CCCN2c3ccccc3Sc3ccc(Cl)cc23)CC1
432,9,2,-7.10E+08,947000000.0,-2.09E+08,156000000.0,,,118000000.0,-26100000.0,1.0,0.0,0.0,0.9894,14.841,35319,ifosfamide,ClCCNP1(=O)OCCCN1CCCl
432,16,3,-3.04E+00,-1.41,-2.53E+00,-1.21,1.67E-02,0.207,-2.23,-1.87,0.888,0.11199999999999999,0.214,0.1224,7.6798,36599,doxorubicin,COc1cccc2C(=O)c3c(O)c4C[C@](O)(C[C@H](O[C@H]5C[C@H](N)[C@H](O)[C@H](C)O5)c4c(O)c3C(=O)c12)C(=O)CO
432,11,3,-1.77E+00,-0.7340000000000001,-1.21E+00,-0.162,-1.63E-02,0.16899999999999998,-1.25,-0.688,0.924,0.0764,0.419,0.0764,6.3816,37190,ouabain,C[C@@H]1O[C@@H](O[C@H]2C[C@@H](O)[C@]3(CO)[C@H]4[C@H](O)C[C@]5(C)[C@H](CC[C@]5(O)[C@@H]4CC[C@]3(O)C2)C2=CC(=O)OC2)[C@H](O)[C@H](O)[C@H]1O
432,16,3,-1.45E+21,1.45e+21,-6.61E+20,6.61e+20,-1.29E+10,12900000000.0,4.13,-0.0326,0.23199999999999998,0.768,17.5,0.768,14.788,37479,BRD9647,COc1ccc(cc1)N(C(=O)c1ccccc1)S(=O)(=O)c1cc(OC)ccc1OC
432,16,3,2.95E+00,4.26,-1.03E+00,-0.11900000000000001,-3.69E-01,0.33,3.6,-0.575,1.02,-0.0197,12.1,0.0558,13.482000000000001,39782,piperlongumine,COc1cc(cc(OC)c1OC)\C=C\C(=O)N1CCC=CC1=O
432,15,3,-1.10E+01,21.3,-7.60E+00,7.41,3.46E-02,0.385,5.16,-0.096,0.79,0.21,35.8,0.2097,12.468,42319,BRD-K26531177,COc1cc(CCC(=O)N2CCC=CC2=O)cc(OC)c1OC
432,16,3,5.90E+00,7.62,-1.50E+00,-0.132,-3.43E-01,0.307,6.76,-0.818,1.02,-0.0178,108.0,0.04,12.617,44503,NSC23766,CCN(CC)CCCC(C)Nc1nc(C)cc(Nc2ccc3nc(C)cc(N)c3c2)n1
432,16,3,-1.74E+06,1740000.0,-1.74E+05,174000.0,5.70E-01,0.838,2.67,-0.00773,0.29600000000000004,0.7040000000000001,6.35,0.7041,14.001,44511,pyrazolanthrone,O=C1c2ccccc2-c2n[nH]c3cccc1c23
432,16,2,#NAME?,inf,#NAME?,inf,,,47.6,-0.282,1.0,0.0,210000000000000.0,1.0,15.0,44554,C6-ceramide,CCCCCCCCCCCCC\C=C\[C@@H](O)[C@H](CO)NC(=O)CCCCC
432,13,3,-1.42E+00,3.47,-3.49E+00,-0.935,-1.46E-01,0.47100000000000003,1.02,-2.21,0.8370000000000001,0.163,2.03,0.2406,10.633,44580,topotecan,CC[C@@]1(O)C(=O)OCc2c1cc1-c3nc4ccc(O)c(CN(C)C)c4cc3Cn1c2=O
432,16,3,-3.32E+03,3330.0,-3.89E+02,389.0,4.17E-01,0.726,5.18,-0.0412,0.429,0.5720000000000001,36.3,0.5715,13.515999999999998,45093,N9-isopropylolomoucine,CC(C)n1cnc2c(NCc3ccccc3)nc(NCCO)nc12
432,16,3,-1.06E+07,10600000.0,-9.64E+05,964000.0,9.82E-01,1.07,-32.3,-1.58,-0.0256,1.03,1.94e-10,1.0256,15.384,46792,importazole,CC(Nc1nc(nc2ccccc12)N1CCCC1)c1ccccc1
432,16,3,-1.83E+00,4.48,-3.43E+00,0.961,5.05E-01,0.9420000000000001,1.33,-1.24,0.276,0.7240000000000001,2.51,0.7393,14.019,48589,etoposide,COc1cc(cc(OC)c1O)[C@H]1[C@@H]2[C@H](COC2=O)[C@H](O[C@@H]2O[C@@H]3CO[C@@H](C)O[C@H]3[C@H](O)[C@H]2O)c2cc3OCOc3cc12
432,16,3,6.05E+00,7.26,-7.53E-01,0.0862,-5.92E-01,0.43700000000000006,6.66,-0.33399999999999996,1.08,-0.0776,101.0,0.0339,14.152000000000001,50131,PRIMA-1,OCC1(CO)N2CCC(CC2)C1=O
432,16,3,-4.13E+00,-3.56,-6.79E-01,-0.0578,1.07E-02,0.13699999999999998,-3.85,-0.368,0.9259999999999999,0.0739,0.0696,0.0739,6.7677,50134,tanespimycin,CO[C@H]1C[C@H](C)CC2=C(NCC=C)C(=O)C=C(NC(=O)\C(C)=C\C=C/[C@H](OC)[C@@H](OC(N)=O)\C(C)=C\[C@H](C)[C@H]1O)C2=O
432,16,2,3.58E+00,6.54,-2.90E+00,0.00389,,,5.06,-1.45,1.0,0.0,33.4,0.501,14.003,50163,cytochalasin B,C[C@H]1[C@H]2[C@H](Cc3ccccc3)NC(=O)[C@]22OC(=O)\C=C\[C@H](O)CCC[C@@H](C)C\C=C\[C@H]2[C@H](O)C1=C
432,15,3,-2.18E+10,21800000000.0,-2.05E+09,2050000000.0,-1.76E+01,19.8,-906.0,-58.2,-0.07,1.07,2.359999999999999e-273,1.07,16.05,50715,NSC95397,OCCSC1=C(SCCO)C(=O)c2ccccc2C1=O
432,16,3,-4.61E+09,4610000000.0,-3.48E+08,348000000.0,4.03E-03,2.22,-458.0,-14.0,-0.114,1.11,1.4299999999999996e-138,1.1137,16.706,50727,manumycin A,CCCC[C@@H](C)\C=C(C)\C=C(/C)C(=O)NC1=C[C@@](O)(\C=C\C=C\C=C\C(=O)NC2C(=O)CCC2=O)[C@@H]2O[C@@H]2C1=O
432,12,3,-1.06E+01,2.08,-6.77E+00,2.24,6.88E-01,0.991,-4.25,-2.27,0.16,0.84,0.0524,0.8506,13.444,50732,mitomycin,CO[C@]12[C@H]3N[C@H]3CN1C1=C([C@H]2COC(N)=O)C(=O)C(N)=C(C)C1=O
432,8,2,-2.80E+12,2800000000000.0,-2.40E+11,240000000000.0,,,197000.0,-10800.0,1.0,0.0,0.0,1.0,15.0,50737,tacrolimus,CO[C@@H]1C[C@@H](CC[C@H]1O)\C=C(/C)[C@H]1OC(=O)[C@@H]2CCCCN2C(=O)C(=O)[C@]2(O)O[C@@H]([C@H](C[C@H]2C)OC)[C@H](C[C@@H](C)C\C(C)=C\[C@@H](CC=C)C(=O)C[C@H](O)[C@H]1C)OC
432,16,3,-2.99E+07,29900000.0,-2.69E+06,2690000.0,9.14E-01,1.24,-98.3,-2.82,-0.0744,1.07,2.5599999999999998e-30,1.0744,16.115,50747,pifithrin-alpha,Cc1ccc(cc1)C(=O)Cn1c2CCCCc2sc1=N
432,13,3,-3.43E+17,3.43e+17,-4.45E+16,4.45e+16,7.18E-01,0.9940000000000001,-1.7,-0.0224,0.14400000000000002,0.856,0.309,0.8564,13.888,50753,SB-431542,NC(=O)c1ccc(cc1)-c1nc(c([nH]1)-c1ccccn1)-c1ccc2OCOc2c1
432,16,2,3.75E+00,5.81,-3.07E+00,-0.982,,,4.78,-2.02,1.0,0.0,27.5,0.44799999999999995,13.374,52123,SB-225002,Oc1cc(ccc1NC(=O)Nc1ccccc1Br)[N+]([O-])=O
432,16,3,#NAME?,inf,#NAME?,inf,#NAME?,inf,-2930000000.0,-11.7,-0.0166,1.02,0.0,1.0166,15.249,52133,PD 153035,COc1cc2ncnc(Nc3cccc(Br)c3)c2cc1OC
432,16,2,6.46E+00,6.81,-5.84E-01,-0.292,,,6.64,-0.43799999999999994,1.0,0.0,99.5,0.2145,14.307,52430,cerulenin,C\C=C\C\C=C\CCC(=O)[C@H]1O[C@H]1C(N)=O
432,16,2,-4.78E+04,47800.0,-5.26E+03,5260.0,,,29.0,-1.81,1.0,0.0,530000000.0,1.0,15.0,52576,purmorphamine,C1CCC(CC1)n1cnc2c(Nc3ccc(cc3)N3CCOCC3)nc(Oc3cccc4ccccc34)nc12
432,16,3,-1.18E+02,117.0,-3.43E+01,34.1,8.84E-01,1.08,-0.43799999999999994,-0.0884,0.0201,0.98,0.738,0.9799,14.869000000000002,52582,GSK-3 inhibitor IX,O\N=C1/C(Nc2ccccc12)=C1/C(=O)Nc2cc(Br)ccc12
432,16,3,2.07E+00,3.3,-1.20E+00,-0.185,2.78E-02,0.342,2.68,-0.6920000000000001,0.815,0.185,6.43,0.1913,12.257,52882,dasatinib,Cc1nc(Nc2ncc(s2)C(=O)Nc2c(C)cccc2Cl)cc(n1)N1CCN(CCO)CC1
432,14,3,2.83E+00,3.3,-9.27E-01,0.414,-1.33E-01,0.239,3.07,-0.257,0.9470000000000001,0.0534,8.38,0.0538,12.181,52926,gefitinib,COc1cc2ncnc(Nc3ccc(F)c(Cl)c3)c2cc1OCCCN1CCOCC1
432,15,2,-4.91E+00,47.1,-4.29E+01,3.12,,,21.1,-19.9,1.0,0.0,2240000.0,0.6912,11.312000000000001,52928,erlotinib,COCCOc1cc2ncnc(Nc3cccc(c3)C#C)c2cc1OCCOC
432,16,2,#NAME?,inf,#NAME?,inf,,,42.3,-0.45799999999999996,1.0,0.0,5300000000000.0,1.0,15.0,53556,BRD-K94991378,COCCOC(=O)N1C(=O)[C@]2([C@@H]([C@@H]3N([C@@H]2c2ccccc2OCCO)[C@H]([C@H](OC3=O)c2ccccc2)c2ccccc2)C(=O)NCC=C)c2cc(ccc12)C#CCC(C(=O)OC)C(=O)OC
432,15,3,2.44E+00,3.12,-9.47E-01,-0.429,-2.07E-01,0.0791,2.78,-0.688,1.06,-0.0639,6.87,-0.0263,12.562999999999999,53705,BIX-01294,COc1cc2nc(nc(NC3CCN(Cc4ccccc4)CC3)c2cc1OC)N1CCCN(C)CC1
432,16,3,-6.07E+00,16.0,-4.51E+00,-0.281,-4.19E+00,3.55,4.95,-2.4,1.32,-0.315,31.0,0.3285,12.761,54200,tacedinaline,CC(=O)Nc1ccc(cc1)C(=O)Nc1ccccc1N
432,16,3,-5.38E+00,-4.49,-2.07E+00,-1.26,-5.06E-02,0.051,-4.93,-1.67,1.0,0.000199,0.0327,0.0016,4.1644,54210,LBH-589,Cc1[nH]c2ccccc2c1CCNCc1ccc(\C=C\C(=O)NO)cc1
432,13,3,-3.52E+03,3520.0,-1.08E+03,1080.0,1.04E+00,1.21,-1.55,0.151,-0.125,1.13,0.342,1.0,15.925,55307,IC-87114,Cc1ccccc1-n1c(Cn2cnc3c(N)ncnc23)nc2cccc(C)c2c1=O
432,14,3,-2.54E+01,7.23,-2.66E+01,17.0,8.88E-01,1.53,-9.07,-4.81,-0.21,1.21,0.00186,1.1996,17.407,55512,ciclosporin,CCC1NC(=O)C([C@H](O)[C@H](C)C\C=C\C)N(C)C(=O)C(C(C)C)N(C)C(=O)C(CC(C)C)N(C)C(=O)C(CC(C)C)N(C)C(=O)[C@@H](C)NC(=O)C(C)NC(=O)C(CC(C)C)N(C)C(=O)C(NC(=O)C(CC(C)C)N(C)C(=O)CN(C)C1=O)C(C)C
432,16,3,3.79E-01,2.74,-2.39E+00,-1.08,-4.36E-01,0.132,1.56,-1.74,1.15,-0.152,2.95,-0.0165,10.735999999999999,56554,vorinostat,ONC(=O)CCCCCCC(=O)Nc1ccccc1
432,16,3,-1.09E+05,109000.0,-1.04E+04,10400.0,7.81E-01,0.85,-8.31,-0.0401,0.185,0.815,0.00315,0.8153,12.533,56703,sirolimus,CO[C@@H]1C[C@H](C[C@@H](C)[C@@H]2CC(=O)[C@H](C)\C=C(C)\[C@@H](O)[C@@H](OC)C(=O)[C@H](C)C[C@H](C)\C=C\C=C\C=C(C)\[C@H](C[C@@H]3CC[C@@H](C)[C@@](O)(O3)C(=O)C(=O)N3CCCC[C@H]3C(=O)O2)OC)CC[C@H]1O
432,16,3,2.21E+00,5.58,-2.06E+00,-0.151,1.87E-01,0.759,3.89,-1.11,0.527,0.473,14.9,0.5385,13.788,58339,KU-55933,O=c1cc(oc(c1)-c1cccc2Sc3ccccc3Sc12)N1CCOCC1
432,12,3,#NAME?,inf,#NAME?,inf,#NAME?,inf,-47.5,-0.9259999999999999,-0.142,1.14,4.9100000000000005e-15,1.1422,17.133,58455,AM-580,CC1(C)CCC(C)(C)c2cc(ccc12)C(=O)Nc1ccc(cc1)C(O)=O
432,15,2,5.08E+00,6.67,-1.25E+00,0.254,,,5.87,-0.49700000000000005,1.0,0.0,58.6,0.1507,13.148,58472,PDMP,CCCCCCCCCC(=O)N[C@H](CN1CCOCC1)[C@H](O)c1ccccc1
432,16,3,-3.03E+01,22.9,-3.58E+01,35.6,1.02E+00,1.08,-3.72,-0.128,-0.0462,1.05,0.076,1.0462,15.466,58566,BRD-K71935468,COC(=O)C(CC#Cc1ccc2NC(=O)[C@@]3([C@H]([C@H]4N([C@H]3c3ccccc3OCCO)[C@@H]([C@@H](OC4=O)c3ccccc3)c3ccccc3)C(=O)N3CCN(CC3)c3ncccn3)c2c1)C(=O)OC
432,16,3,1.31E+00,5.19,-2.51E+00,-0.369,-7.24E-01,0.41100000000000003,3.25,-1.44,1.16,-0.156,9.53,-0.0114,11.549000000000001,60218,entinostat,Nc1ccccc1NC(=O)c1ccc(CNC(=O)OCc2cccnc2)cc1
432,15,3,-2.01E+00,2.28,-3.15E+00,-0.897,-6.28E-01,0.29,0.133,-2.02,1.17,-0.16899999999999998,1.1,-0.022000000000000002,9.0757,61097,apicidin,CC[C@@H](C)[C@@H]1NC(=O)[C@H](Cc2cn(OC)c3ccccc23)NC(=O)[C@H](CCCCCC(=O)CC)NC(=O)[C@H]2CCCCN2C1=O
432,16,3,-4.49E+00,-1.27,-2.88E+00,-0.215,5.67E-01,0.73,-2.88,-1.55,0.35200000000000004,0.648,0.136,0.6503,12.214,61674,Merck60,CC(=O)Nc1ccc(cc1)C(=O)Nc1cc(ccc1N)-c1cccs1
432,16,3,-8.52E-02,6.29,-3.29E+00,-1.02,-1.14E+00,0.5489999999999999,3.1,-2.16,1.3,-0.29600000000000004,8.6,0.0773,11.54,61724,BRD-A94377914,CN1CCCCC1NC(=O)[C@H](CCCCCC(C)=O)C(=O)Nc1nc(cs1)-c1ccccc1
432,14,3,#NAME?,inf,#NAME?,inf,#NAME?,inf,-0.49200000000000005,-0.0113,0.0283,0.972,0.711,0.9717,14.815,62111,compound 1B,CCN(CC)c1ccc(cc1[N+]([O-])=O)C1=NNC(=O)CC1C
432,16,3,-6.39E+00,18.4,-6.46E+00,0.821,-1.16E+00,1.78,6.01,-2.82,0.6940000000000001,0.306,64.2,0.5891,13.272,62602,vincristine,CC[C@]1(O)C[C@@H]2CN(C1)CCc1c([nH]c3ccccc13)[C@@](C2)(C(=O)OC)c1cc2c(cc1OC)N(C=O)[C@@H]1[C@]22CCN3CC=C[C@](CC)([C@@H]23)[C@@H](OC(C)=O)[C@]1(O)C(=O)OC
432,16,3,-3.37E+00,-0.9590000000000001,-1.88E+00,0.19399999999999998,6.62E-01,0.774,-2.17,-0.8440000000000001,0.282,0.718,0.223,0.7181,12.685,62690,cytarabine hydrochloride,Nc1ccn([C@@H]2O[C@H](CO)[C@@H](O)[C@@H]2O)c(=O)n1
432,16,3,-8.69E+00,2.81,-1.03E+02,103.0,8.97E-01,1.06,-2.94,-0.0881,0.0241,0.976,0.131,0.9759,14.83,63349,itraconazole,CCC(C)n1ncn(-c2ccc(cc2)N2CCN(CC2)c2ccc(OCC3COC(Cn4cncn4)(O3)c3ccc(Cl)cc3Cl)cc2)c1=O
432,16,3,-1.36E+00,5.88,-1.88E+00,1.68,-2.89E-03,0.162,2.26,-0.102,0.92,0.0797,4.79,0.0797,11.517000000000001,63578,erastin,CCOc1ccccc1-n1c(=O)c2ccccc2nc1C(C)N1CCN(CC1)C(=O)COc1ccc(Cl)cc1
432,16,3,-2.68E+09,2680000000.0,-4.66E+06,4660000.0,-8.27E+07,82700000.0,-1720.0,271.0,-9.49,10.5,0.0,1.0163,15.251,96171,ML031,Cc1cc(C(=O)CN2C(=O)CCC2=O)c(C)n1Cc1ccccc1
432,16,3,#NAME?,inf,#NAME?,inf,#NAME?,inf,-66.0,-2.04,-0.0459,1.05,1.3899999999999998e-20,1.0459,15.689,100490,CIL56,ON=C1c2cc(ccc2-c2ccc(cc12)S(=O)(=O)N1CCCCC1)S(=O)(=O)N1CCCCC1
432,16,3,-5.08E+06,5080000.0,-5.60E+06,5600000.0,7.00E-01,0.956,1.01,-0.0447,0.172,0.828,2.02,0.8282,14.307,102193,FQI-1,CCOc1ccccc1C1CC(=O)Nc2cc3OCOc3cc12
432,16,3,-4.11E+01,12.8,-7.32E+01,60.0,8.89E-01,1.32,-14.1,-6.59,-0.10300000000000001,1.1,5.6399999999999995e-05,1.0974,16.287,119769,BRD-K92856060,COc1ccc(cc1[N+]([O-])=O)S(=O)(=O)N(C(C)=O)c1ccc(OC(C)=O)c2ccccc12
432,15,3,2.24E+00,3.7,-1.09E+00,0.331,6.32E-01,0.799,2.97,-0.379,0.285,0.715,7.83,0.7155,13.845999999999998,122255,B02,O=c1n(Cc2ccccc2)c(\C=C\c2cccnc2)nc2ccccc12
432,16,3,2.35E+00,4.08,-1.46E+00,-0.156,-3.22E-01,0.264,3.21,-0.8059999999999999,1.03,-0.0291,9.27,0.0003,12.061,142931,BRD-K45681478,ClC1=C(NCC=C)C(=O)c2ccccc2C1=O
432,15,3,-1.19E+02,117.0,-5.30E+02,530.0,8.85E-01,0.955,-0.9590000000000001,-0.107,0.0797,0.92,0.515,0.9203,14.442,153820,ML050,Brc1cc2OCOc2cc1C1Nc2ccccc2C2C=CCC12
432,16,3,1.27E+00,2.35,-6.27E-01,0.21100000000000002,3.34E-02,0.29600000000000004,1.81,-0.20800000000000002,0.835,0.165,3.51,0.1648,12.298,154846,ML162,COc1ccc(cc1Cl)N(C(C(=O)NCCc1ccccc1)c1cccs1)C(=O)CCl
432,16,3,-2.95E+10,29500000000.0,-2.58E+09,2580000000.0,-4.23E+00,6.2,-527.0,-27.2,0.0173,0.983,2.579999999999999e-159,0.9827,14.74,176181,CIL41,N=C(NOC(=O)C12CC3CC(CC(C3)C1)C2)c1ccccc1
432,16,3,#NAME?,inf,#NAME?,inf,#NAME?,inf,-35.7,-0.516,-0.0286,1.03,1.8e-11,1.0286,15.429,182395,NSC30930,OC(=O)c1cc2cc(OCc3ccccc3)ccc2[nH]1
432,16,3,-7.36E+00,16.8,-5.50E+00,5.05,-6.66E+00,7.02,4.73,-0.223,0.8190000000000001,0.18100000000000002,26.6,0.2366,14.505,183526,CIL70,Clc1ccc(CC(=N)NOC(=O)c2cccc3ccccc23)cc1
432,16,3,-5.37E+01,30.6,-2.15E+01,19.5,1.05E+00,1.09,-11.6,-0.98,-0.069,1.07,0.000327,1.069,16.023,185987,MI-1,CC1(C)CN=C(S1)N1CCN(CC1)c1ncnc2sc3CCCCc3c12
432,14,2,1.16E-01,14.6,-9.98E+00,1.58,,,7.33,-4.2,1.0,0.0,161.0,0.5755,12.77,199337,DBeQ,C(Nc1nc(NCc2ccccc2)c2ccccc2n1)c1ccccc1
432,16,3,1.88E+00,8.44,-2.27E+00,0.444,-7.45E-02,1.21,5.16,-0.914,0.435,0.5660000000000001,35.7,0.684,14.487,215497,Mdivi-1,COc1cc(c(Cl)cc1Cl)-n1c(=S)[nH]c2ccccc2c1=O
432,16,3,-1.82E+04,18100.0,-3.30E+04,33000.0,1.02E+00,1.07,-6.76,-0.0637,-0.0471,1.05,0.00921,1.0471,15.564,255961,ML083,COc1ccc(cc1)S(=O)(=O)N1CCN(CC1)S(=O)(=O)c1ccc2OCCOc2c1
432,16,3,-4.18E+00,1.65,-2.68E+00,1.82,1.04E+00,1.21,-1.27,-0.425,-0.124,1.12,0.41600000000000004,1.1238,15.905,267119,CID-5951923,CN(C1CCS(=O)(=O)C1)C(=O)COC(=O)\C=C\c1cccc(c1)[N+]([O-])=O
432,16,3,#NAME?,inf,#NAME?,inf,#NAME?,inf,-1.86,-0.007809999999999999,0.0386,0.961,0.275,0.9614,14.695,272805,IU1,Cc1cc(C(=O)CN2CCCC2)c(C)n1-c1ccc(F)cc1
432,16,3,-5.19E+05,519000.0,-6.43E+04,64300.0,9.80E-01,1.11,-59.1,-0.977,-0.0435,1.04,1.6199999999999999e-18,1.0435,15.652000000000001,277354,dexamethasone,CC1CC2C3CCC4=CC(=O)C=CC4(C)C3(F)C(O)CC2(C)C1(O)C(=O)CO
432,17,3,#NAME?,inf,#NAME?,inf,#NAME?,inf,1.02,-0.007409999999999999,0.273,0.727,2.03,0.7268,13.628,290356,ML311,CCN1CCN(CC1)C(c1ccc(cc1)C(F)(F)F)c1ccc2cccnc2c1O
432,15,2,4.15E+00,4.59,-1.01E+00,-0.564,,,4.37,-0.789,1.0,0.0,20.7,0.2959,13.235999999999999,345041,imatinib,CN1CCN(Cc2ccc(cc2)C(=O)Nc2ccc(C)c(Nc3nccc(n3)-c3cccnc3)c2)CC1
432,16,3,-1.22E+00,1.33,-2.31E+00,-0.22,6.86E-01,0.804,0.0532,-1.26,0.255,0.745,1.04,0.7472,13.47,347775,decitabine,Nc1ncn([C@H]2C[C@H](O)[C@@H](CO)O2)c(=O)n1
432,16,3,-2.34E+05,234000.0,-2.99E+04,29900.0,9.65E-01,1.18,-21.6,-1.04,-0.0745,1.08,3.11e-07,1.0745,16.117,347812,CHIR-99021,Cc1c[nH]c(n1)-c1cnc(NCCNc2ccc(cn2)C#N)nc1-c1ccc(Cl)cc1Cl
432,16,3,-6.24E+00,11.0,-6.83E+00,-1.34,-2.08E+00,0.9840000000000001,2.36,-4.08,1.55,-0.5479999999999999,5.12,-0.0208,8.5031,347813,BI-2536,CC[C@H]1N(C2CCCC2)c2nc(Nc3ccc(cc3OC)C(=O)NC3CCN(C)CC3)ncc2N(C)C1=O
432,13,2,3.30E+00,7.2,-5.46E+00,-1.78,,,5.25,-3.62,1.0,0.0,38.0,0.4446,12.140999999999998,348633,BRD-K61166597,Nc1ccc(cc1NC(=O)c1ccc(cc1)C(=O)NCCc1ccncc1)-c1cccs1
432,16,3,8.36E-01,2.81,-1.50E+00,0.16899999999999998,6.30E-01,0.7859999999999999,1.82,-0.665,0.292,0.708,3.54,0.7086,13.767000000000001,348990,axitinib,CNC(=O)c1ccccc1Sc1ccc2c(\C=C\c3ccccn3)n[nH]c2c1
432,16,3,-4.71E+00,-2.58,-1.71E+00,0.131,5.38E-01,0.696,-3.64,-0.7909999999999999,0.38299999999999995,0.617,0.08,0.6169,12.038,348992,NVP-BEZ235,Cn1c2cnc3ccc(cc3c2n(-c2ccc(cc2)C(C)(C)C#N)c1=O)-c1cnc2ccccc2c1
432,16,2,-2.57E+03,2600.0,-3.77E+02,375.0,,,14.1,-0.622,1.0,0.0,18000.0,1.0,15.0,348997,GW-843682X,COc1cc2ncn(-c3cc(OCc4ccccc4C(F)(F)F)c(s3)C(N)=O)c2cc1OC
432,14,2,3.19E+00,4.04,-1.25E+00,-0.452,,,3.61,-0.851,1.0,0.0,12.2,0.155,12.519,349002,vandetanib,COc1cc2c(Nc3ccc(Br)cc3F)ncnc2cc1OCC1CCN(C)CC1
432,16,3,-7.88E+02,785.0,-1.05E+02,105.0,9.98E-01,1.08,-1.53,-0.0307,-0.0366,1.04,0.34600000000000003,1.0366,15.277000000000001,349006,sorafenib,CNC(=O)c1cc(Oc2ccc(NC(=O)Nc3ccc(Cl)c(c3)C(F)(F)F)cc2)ccn1
432,16,3,-5.01E+00,14.5,-2.87E+00,2.17,-1.60E+01,15.3,4.75,-0.35100000000000003,1.35,-0.34700000000000003,26.9,0.0496,14.431,350548,ML029,Cc1cc2nc(NCCCO)n(CC(=O)c3cc(c(O)c(c3)C(C)(C)C)C(C)(C)C)c2cc1C
432,16,3,-1.22E+09,1220000000.0,-2.39E+08,239000000.0,9.07E-01,1.2,1.92,-0.0333,-0.0526,1.05,3.78,1.0526,15.217,351043,temozolomide,CN1N=Nc2c(ncn2C1=O)C(=O)N
432,16,3,-7.17E+00,-5.17,-2.64E+00,-0.82,-6.51E-02,0.147,-6.17,-1.73,0.9590000000000001,0.0411,0.0139,0.0426,4.2799,362338,SNX-2112,CC1(C)Cc2c(c(nn2-c2ccc(C(N)=O)c(N[C@H]3CC[C@H](O)CC3)c2)C(F)(F)F)C(=O)C1
432,16,3,-7.85E+05,785000.0,-1.26E+05,126000.0,8.28E-01,1.21,-74.5,-4.85,-0.0171,1.02,3.6700000000000007e-23,1.0171,15.255999999999998,362342,navitoclax,CC1(C)CCC(=C(CN2CCN(CC2)c2ccc(cc2)C(=O)NS(=O)(=O)c2ccc(N[C@H](CCN3CCOCC3)CSc3ccccc3)c(c2)S(=O)(=O)C(F)(F)F)C1)c1ccc(Cl)cc1
432,14,3,-2.90E+06,2900000.0,-3.22E+05,322000.0,9.55E-01,1.06,-3.38,-0.017,-0.00554,1.01,0.0964,1.0055,15.052,374747,bexarotene,Cc1cc2c(cc1C(=C)c1ccc(cc1)C(O)=O)C(C)(C)CCC2(C)C
432,16,2,-1.87E+04,22800.0,-1.97E+04,16200.0,,,2070.0,-1790.0,1.0,0.0,0.0,0.7604,11.417,374749,nilotinib,Cc1cn(cn1)-c1cc(NC(=O)c2ccc(C)c(Nc3nccc(n3)-c3cccnc3)c2)cc(c1)C(F)(F)F
432,16,3,1.29E+00,2.42,-1.05E+00,-0.0663,-1.64E-01,0.171,1.86,-0.5579999999999999,0.996,0.0036200000000000004,3.62,0.0042,10.827,374750,sunitinib,CCN(CC)CCNC(=O)c1c(C)[nH]c(\C=C2/C(=O)Nc3ccc(F)cc23)c1C
432,15,3,-1.70E+00,2.47,-2.95E+00,0.371,2.30E-01,0.662,0.386,-1.29,0.5539999999999999,0.446,1.31,0.45299999999999996,11.857999999999999,375219,omacetaxine mepesuccinate,COC(=O)C[C@](O)(CCCC(C)(C)O)C(=O)O[C@H]1[C@H]2c3cc4OCOc4cc3CCN3CCC[C@]23C=C1OC
432,12,3,-2.21E+02,222.0,-7.13E+02,713.0,5.63E-01,0.948,0.187,-0.0724,0.244,0.7559999999999999,1.14,0.7557,13.773,375256,CD-437,OC(=O)c1ccc2cc(ccc2c1)-c1ccc(O)c(c1)C12CC3CC(CC(C3)C1)C2
432,16,3,-3.46E+00,1.59,-4.18E+00,-1.13,-4.80E-01,0.259,-0.9359999999999999,-2.65,1.11,-0.111,0.523,-0.0106,8.0013,375264,SCH-79797,CC(C)c1ccc(Cn2ccc3c2ccc2nc(NC4CC4)nc(N)c32)cc1
432,16,3,1.80E+00,3.58,-1.23E+00,0.22,4.03E-01,0.684,2.69,-0.505,0.457,0.5429999999999999,6.45,0.5437,13.467,375354,LE-135,CN1c2cc3c(cc2N=C(c2ccc(cc2)C(O)=O)c2ccccc12)C(C)(C)CCC3(C)C
432,12,3,-1.14E+04,11400.0,-4.23E+03,4230.0,9.66E-01,1.09,-1.63,-0.124,-0.0289,1.03,0.324,1.0289,15.25,375366,SKI-II,Oc1ccc(Nc2nc(cs2)-c2ccc(Cl)cc2)cc1
432,16,2,-7.20E+00,25.1,-7.11E+00,6.39,,,8.92,-0.359,1.0,0.0,486.0,0.9188,14.968,375390,CI-976,CCCCCCCCCCC(C)(C)C(=O)Nc1c(OC)cc(OC)cc1OC
432,16,3,-2.75E+01,19.5,-1.95E+01,19.3,9.52E-01,1.1,-4.03,-0.0748,-0.0271,1.03,0.0612,1.0271,15.273,375395,Platin,N[Pt](N)(Cl)Cl
432,16,2,8.51E+00,9.14,-1.68E+00,-1.02,,,8.83,-1.35,1.0,0.0,454.0,0.4578,13.946,375435,necrostatin-1,CN1C(=S)NC(Cc2c[nH]c3ccccc23)C1=O
432,14,3,4.90E+00,6.2,-1.10E+00,0.00232,-3.85E-01,0.34600000000000003,5.55,-0.5489999999999999,1.02,-0.0195,46.8,0.0423,13.460999999999999,375447,GW-405833,COc1ccc2n(C(=O)c3cccc(Cl)c3Cl)c(C)c(CCN3CCOCC3)c2c1
432,16,3,-1.07E+02,117.0,-4.20E+01,24.2,-5.55E-01,3.15,4.85,-8.91,-0.297,1.3,28.8,1.1503,16.404,375487,AC55649,CCCCCCCCc1ccc(cc1)-c1ccc(cc1)C(O)=O
432,16,3,1.11E+00,2.16,-6.56E-01,0.0243,2.99E-01,0.521,1.64,-0.316,0.59,0.41,3.11,0.4102,12.989,375492,RITA,OCc1ccc(s1)-c1ccc(o1)-c1ccc(CO)s1
432,16,3,1.89E+00,4.13,-1.64E+00,-0.311,3.79E-01,0.73,3.01,-0.976,0.446,0.5539999999999999,8.05,0.6028,14.040999999999999,375496,LY-2183240,CN(C)C(=O)n1nnnc1Cc1ccc(cc1)-c1ccccc1
432,16,3,-6.41E+02,635.0,-1.54E+02,153.0,9.22E-01,0.9990000000000001,-3.26,-0.0752,0.0394,0.961,0.105,0.9606,14.633,375560,Ki8751,COc1cc2nccc(Oc3ccc(NC(=O)Nc4ccc(F)cc4F)c(F)c3)c2cc1OC
432,16,3,-2.26E+01,5.11,-2.08E+01,14.0,1.05E+00,1.26,-8.74,-3.36,-0.153,1.15,0.00233,1.1511,16.992,375562,CD-1530,OC(=O)c1ccc(cc1)-c1ccc2cc(c(O)cc2c1)C12CC3CC(CC(C3)C1)C2
432,15,3,1.30E+00,2.08,-7.48E-01,-0.129,4.78E-01,0.604,1.69,-0.439,0.45899999999999996,0.541,3.24,0.5412,13.003,375564,TPCA-1,NC(=O)Nc1sc(cc1C(N)=O)-c1ccc(F)cc1
432,16,3,-5.83E-01,9.37,-3.70E+00,1.61,-2.22E-01,1.36,4.4,-1.04,0.43200000000000005,0.568,21.0,0.6409999999999999,14.203,375582,oxaliplatin,O=C1O[Pt]2(NC3CCCCC3N2)OC1=O
432,14,3,-8.05E+05,805000.0,-4.50E+04,45000.0,-7.48E-02,0.496,3.94,-0.0167,0.79,0.21100000000000002,15.3,0.2105,14.127,375594,NSC632839,Cc1ccc(C=C2CNCC(=Cc3ccc(C)cc3)C2=O)cc1
432,16,3,-3.22E+08,322000000.0,-1.73E+08,173000000.0,-1.60E+04,16000.0,-138.0,-3920.0,-0.124,1.12,4.14e-42,1.0633,15.948,375596,pifithrin-mu,NS(=O)(=O)C#Cc1ccccc1
432,15,3,-1.04E+01,-5.02,-3.09E+00,2.19,4.39E-01,0.866,-7.69,-0.44799999999999995,0.348,0.653,0.00485,0.6525,12.197000000000001,375637,SN-38,CCc1c2Cn3c(cc4c(COC(=O)C4(O)CC)c3=O)-c2nc2ccc(O)cc12
432,15,2,5.36E+00,7.63,-3.14E+00,-0.9740000000000001,,,6.5,-2.06,1.0,0.0,90.2,0.5535,13.789000000000001,376307,BRD-K80183349,CC(=O)N1CCC(CC1)C(=O)Nc1cc(ccc1N)-c1cccs1
432,14,2,3.12E+00,4.83,-3.29E+00,-1.81,,,3.97,-2.55,1.0,0.0,15.7,0.3065,12.01,376693,BRD-K66532283,Nc1ccc(cc1NC(=O)C1=CCCC1)-c1cccs1
432,16,2,3.12E+00,3.86,-1.03E+00,-0.365,,,3.49,-0.6990000000000001,1.0,0.0,11.3,0.0969,13.377,377381,MK-2206,NC1(CCC1)c1ccc(cc1)-c1nc2ccn3c(n[nH]c3=O)c2cc1-c1ccccc1
432,16,3,-2.28E+01,16.8,-2.23E+01,22.1,7.26E-01,0.9,-3.02,-0.11199999999999999,0.187,0.813,0.12300000000000001,0.8129,13.304,385240,triazolothiadiazine,COc1ccc(OC)c(c1)-c1nnc2SCC(=Nn12)c1ccc(OC)c(OC)c1
432,16,3,-3.35E+08,335000000.0,-1.80E+08,180000000.0,6.46E-01,0.934,2.12,-0.0377,0.21,0.79,4.35,0.7903,14.177,387472,BRD-K66453893,C[C@@H](CO)N1C[C@H](C)[C@H](CN(C)S(=O)(=O)c2ccc(Cl)cc2)Oc2ccc(NC(=O)CCC(F)(F)F)cc2CC1=O
432,16,3,-1.13E+01,22.4,-5.27E+00,2.38,-2.67E+00,3.64,5.54,-1.45,0.518,0.48200000000000004,46.6,0.6957,14.34,389297,BRD-K11533227,CC(=O)NC1CCN(CC1)C(=O)Nc1cc(ccc1N)-c1cccs1
432,16,3,-4.29E+04,42800.0,-6.86E+03,6850.0,9.68E-01,1.19,-22.9,-1.17,-0.0772,1.08,1.32e-07,1.0772,16.159000000000002,402775,BRD-K14844214,CC(C)CC#Cc1ccc2c(O[C@@H](CN(C)C(=O)c3cnccn3)[C@H](C)CN([C@H](C)CO)S2(=O)=O)c1
432,16,3,-1.65E+01,7.77,-1.71E+01,10.0,9.85E-01,1.17,-4.38,-3.52,-0.0755,1.08,0.048,1.0726,15.789000000000001,404070,BRD1835,C[C@@H](CO)N1C[C@H](C)[C@@H](CN(C)Cc2ccc(cc2)C(O)=O)Oc2cc(ccc2S1(=O)=O)C#CCC1CCCC1
432,16,3,-4.83E+02,149.0,-1.25E+00,16.7,-3.82E+09,4060000000.0,-167.0,7.71,-118000000.0,118000000.0,4.9e-51,1.0209,15.964,404452,BRD-K41597374,C[C@H](CO)N1C[C@H](C)[C@H](CN(C)C(=O)Nc2cc(F)ccc2F)Oc2cc(ccc2S1(=O)=O)C#CC1CCCC1
432,12,3,-7.00E-01,0.40299999999999997,-1.29E+00,0.514,-3.48E-02,0.192,-0.14800000000000002,-0.38799999999999996,0.9209999999999999,0.0787,0.902,0.0787,9.2947,404566,BRD-K63431240,C[C@@H](CO)N1C[C@H](C)[C@@H](CN(C)C(=O)Nc2ccc3OCOc3c2)Oc2cc(ccc2S1(=O)=O)C#Cc1ccncc1
432,13,2,-1.98E+06,1980000.0,-2.13E+06,2130000.0,,,6.14,-0.0952,1.0,0.0,70.6,0.7169,14.965,410270,BRD-K13999467,C[C@@H](CO)N1C[C@H](C)[C@H](CN(C)C(=O)Cc2ccncc2)Oc2cc(ccc2S1(=O)=O)C#Cc1ccccc1F
432,16,3,-9.66E+00,-4.78,-4.84E+00,0.43799999999999994,3.18E-01,0.586,-7.22,-2.2,0.5479999999999999,0.452,0.00671,0.4537,8.508,411714,brefeldin A,CC1CCC\C=C/C2CC(O)CC2C(O)\C=C/C(=O)O1
432,16,3,-7.12E+14,712000000000000.0,-3.56E+14,356000000000000.0,-2.22E+08,222000000.0,-1490.0,-5340000.0,-0.28600000000000003,1.29,0.0,1.143,17.144000000000002,411716,AGK-2,Clc1ccc(Cl)c(c1)-c1ccc(\C=C(/C#N)C(=O)Nc2cccc3ncccc23)o1
432,15,2,-3.99E+05,399000.0,-3.60E+04,36000.0,,,27.8,-0.522,1.0,0.0,240000000.0,1.0,15.0,411717,L-685458,CC(C)C[C@H](NC(=O)[C@@H](C[C@@H](O)[C@H](Cc1ccccc1)NC(=O)OC(C)(C)C)Cc1ccccc1)C(=O)N[C@@H](Cc1ccccc1)C(N)=O
432,16,3,4.50E+00,5.88,-1.15E+00,0.0367,3.18E-01,0.597,5.19,-0.557,0.542,0.45799999999999996,36.5,0.4607,13.432,411719,PF-750,O=C(Nc1ccccc1)N1CCC(Cc2cnc3ccccc3c2)CC1
432,16,3,-6.45E+00,-4.66,-1.30E+00,0.23199999999999998,2.10E-02,0.456,-5.56,-0.5329999999999999,0.7609999999999999,0.239,0.0213,0.2394,12.092,411720,triptolide,CC(C)[C@]12O[C@H]1[C@@H]1O[C@]11[C@]3(O[C@H]3CC3C4=C(CC[C@]13C)C(=O)OC4)[C@@H]2O
432,16,3,1.91E+00,9.89,-3.49E+00,-0.9540000000000001,-1.50E+00,0.759,5.9,-2.22,1.37,-0.371,59.6,0.1185,11.85,411722,nutlin-3,COc1ccc(C2=NC(C(N2C(=O)N2CCNC(=O)C2)c2ccc(Cl)cc2)c2ccc(Cl)cc2)c(OC(C)C)c1
432,13,2,-1.09E+02,124.0,-3.52E+01,34.3,,,7.65,-0.47100000000000003,1.0,0.0,200.0,0.9671,14.41,411724,AA-COCF3,CCCCC\C=C/C\C=C/C\C=C/C\C=C/CCCC(=O)C(F)(F)F
432,16,3,-5.51E+04,55000.0,-9.03E+03,9020.0,9.79E-01,1.1,-36.1,-2.3,-0.0378,1.04,1.3699999999999999e-11,1.0378,15.568,411726,16-beta-bromoandrosterone,C[C@]12CC[C@H]3[C@@H](CC[C@H]4C[C@H](O)CC[C@]34C)[C@@H]1C[C@H](Br)C2=O
432,15,3,-2.22E+03,2140.0,-9.13E+02,894.0,8.43E-01,1.35,-36.8,-9.16,-0.0983,1.1,8.31e-12,1.0974,16.442999999999998,411727,PRL-3 inhibitor I,Brc1ccc(OCc2ccccc2Br)c(\C=C2\SC(=S)NC2=O)c1
432,16,3,-3.78E+04,37700.0,-3.40E+01,43.6,-5.77E+05,577000.0,-37.1,4.8,-85.1,86.1,7.04e-12,1.0069,15.713,411731,SID 26681509,CCc1ccccc1NC(=O)CSC(=O)NNC(=O)[C@@H](Cc1c[nH]c2ccccc12)NC(=O)OC(C)(C)C
432,16,3,-2.86E+03,2860.0,-8.41E+03,8410.0,5.06E-01,0.868,2.08,-0.069,0.313,0.687,4.22,0.6869,13.122,411733,neuronal differentiation inducer III,O=C(NC1CC1)c1cc(on1)-c1cccs1
432,16,3,#NAME?,inf,#NAME?,inf,#NAME?,inf,-36.0,-0.10300000000000001,-0.0577,1.06,1.49e-11,1.0577,15.866,411734,NSC 74859,Cc1ccc(cc1)S(=O)(=O)OCC(=O)Nc1ccc(C(O)=O)c(O)c1
432,10,3,-1.65E+14,165000000000000.0,-1.73E+12,1730000000000.0,-6.10E+14,610000000000000.0,-4.0,-0.0817,1.18,-0.18,0.0625,0.1189,13.753,411737,bortezomib,CC(C)C[C@H](NC(=O)[C@H](Cc1ccccc1)NC(=O)c1cnccn1)B(O)O
432,16,3,-3.87E+07,38700000.0,-3.50E+06,3500000.0,1.04E+00,1.13,1.65,-0.00983,-0.0858,1.09,3.13,1.0858,15.306,411738,ABT-737,CN(C)CC[C@H](CSc1ccccc1)Nc1ccc(cc1[N+]([O-])=O)S(=O)(=O)NC(=O)c1ccc(cc1)N1CCN(Cc2ccccc2-c2ccc(Cl)cc2)CC1
432,16,3,#NAME?,inf,#NAME?,inf,#NAME?,inf,-39.2,-0.42200000000000004,0.105,0.895,1.6200000000000002e-12,0.8949,13.424000000000001,411739,zebularine,OC[C@H]1O[C@H](C(O)[C@H]1O)n1cccnc1=O
432,16,3,-1.17E+01,2.78,-9.23E+00,3.33,1.03E+00,1.22,-4.47,-2.95,-0.127,1.13,0.0453,1.1227,16.188,411742,PI-103,Oc1cccc(c1)-c1nc(N2CCOCC2)c2oc3ncccc3c2n1
432,16,2,4.24E+00,4.98,-1.51E+00,-0.72,,,4.61,-1.11,1.0,0.0,24.4,0.4015,13.989,411749,tubastatin A,CN1CCc2c(C1)c1ccccc1n2Cc1ccc(cc1)C(=O)NO
432,16,3,-7.09E+00,-3.79,-2.55E+00,0.304,6.13E-01,0.7509999999999999,-5.44,-1.13,0.318,0.682,0.023,0.6819,11.671,411770,SR-II-138A,CON(C)C(=O)[C@H]1[C@@H](O)[C@@]2(O)c3c(O[C@]2([C@@H]1c1ccccc1)c1ccc(OC)cc1)cc(OC)cc3OC
432,15,2,-3.81E+09,5120000000.0,-5.43E+09,4040000000.0,,,655000000.0,-695000000.0,1.0,0.0,0.0,0.7197,10.796,411792,parthenolide,C\C1=C\CC[C@@]2(C)O[C@@H]2[C@H]2OC(=O)C(=C)[C@@H]2CC1
432,15,2,-2.06E+06,3360000.0,-1.11E+06,680000.0,,,649000.0,-214000.0,1.0,0.0,0.0,0.9540000000000001,14.311,411805,Compound 7d-cis,CCOC(=O)\C=C/n1nnc(n1)-c1cccc(Cl)c1
432,14,3,1.00E+00,2.88,-1.93E+00,-0.354,-2.47E-01,0.303,1.94,-1.14,0.972,0.0278,3.84,0.0806,11.76,411808,TG-101348,Cc1cnc(Nc2ccc(OCCN3CCCC3)cc2)nc1Nc1cccc(c1)S(=O)(=O)NC(C)(C)C
432,16,2,4.06E+00,8.13,-2.29E+00,0.508,,,6.09,-0.889,1.0,0.0,68.3,0.7308,14.72,411809,pevonedistat,NS(=O)(=O)OC[C@@H]1C[C@H](C[C@@H]1O)n1ccc2c(N[C@H]3CCc4ccccc34)ncnc12
432,16,3,2.00E+00,5.27,-1.90E+00,0.6509999999999999,2.66E-01,0.8220000000000001,3.63,-0.624,0.456,0.544,12.4,0.551,13.82,411814,AZD7545,CN(C)C(=O)c1ccc(cc1)S(=O)(=O)c1ccc(NC(=O)[C@@](C)(O)C(F)(F)F)c(Cl)c1
432,16,3,2.00E+00,2.83,-7.21E-01,0.121,5.13E-01,0.6559999999999999,2.42,-0.3,0.415,0.585,5.33,0.5847,13.839,411815,VER-155008,Nc1ncnc2n([C@@H]3O[C@H](COCc4ccc(cc4)C#N)[C@@H](O)[C@H]3O)c(NCc3ccc(Cl)c(Cl)c3)nc12
432,16,3,-1.91E+05,191000.0,-2.30E+04,23000.0,1.01E+00,1.09,-20.0,-0.7879999999999999,-0.0499,1.05,9.62e-07,1.0499,15.748,411816,ML203,Nc1cccc(c1)S(=O)(=O)N1CCCN(CC1)S(=O)(=O)c1ccc2OCCOc2c1
432,14,3,-3.52E+01,45.4,-6.97E+00,5.24,-3.15E+01,30.6,5.09,-0.865,1.49,-0.485,34.1,0.2085,14.017999999999999,411820,SRT-1720,O=C(Nc1cc(CN2CCNCC2)cc(c1)-c1nc2ccccc2[nH]1)c1cnc2ccccc2n1
432,16,3,-1.26E+09,1260000000.0,-2.06E+09,2060000000.0,-9.46E+03,9460.0,-2550.0,-1290.0,-0.0358,1.04,0.0,1.0315,15.472000000000001,411824,CAY10594,O=C(NCCN1CCC2(CC1)N(CNC2=O)c1ccccc1)c1ccc2ccccc2c1
432,16,2,-5.64E+04,56400.0,-5.96E+03,5950.0,,,20.8,-1.37,1.0,0.0,1830000.0,1.0,15.0,411827,Compound 1541A,Oc1cccc2cc(C(=O)Nc3cccc(c3)-c3cn4ccccc4n3)c(=O)oc12
432,16,3,-2.01E+07,20100000.0,-1.57E+06,1570000.0,1.02E+00,1.08,-18.7,-0.39399999999999996,-0.0457,1.05,2.35e-06,1.0456,15.685,411831,RG-108,OC(=O)[C@H](Cc1c[nH]c2ccccc12)N1C(=O)c2ccccc2C1=O
432,16,3,-1.28E+01,15.1,-5.49E+00,5.43,2.48E-01,0.627,1.13,-0.0281,0.563,0.43799999999999994,2.19,0.4375,12.797,411832,PAC-1,Oc1c(CC=C)cccc1\C=N\NC(=O)CN1CCN(Cc2ccccc2)CC1
432,16,3,-1.36E+00,-0.792,-5.95E-01,0.193,8.09E-02,0.195,-1.07,-0.201,0.862,0.138,0.475,0.1381,9.7267,411833,pluripotin,CN1C(=O)N(Cc2cnc(Nc3cc(C)nn3C)nc12)c1cc(NC(=O)c2cccc(c2)C(F)(F)F)ccc1C
432,16,3,-5.11E+00,-3.28,-1.00E+00,0.29100000000000004,1.98E-01,0.654,-4.19,-0.35700000000000004,0.574,0.426,0.0546,0.4265,13.589,411843,GMX-1778,Clc1ccc(OCCCCCC\N=C(\NC#N)Nc2ccncc2)cc1
432,16,3,-1.43E+01,-5.96,-5.13E+00,4.48,1.06E+00,1.11,-10.1,-0.326,-0.0831,1.08,0.0009019999999999999,1.0831,16.234,411856,avrainvillamide,CC1(C)Oc2ccc3C4=C[C@@]56NC(=O)[C@]7(CCCN7C5=O)C[C@H]6C(C)(C)C4=[N+]([O-])c3c2C=C1
432,16,3,-6.54E-01,7.22,-3.43E+00,0.375,-1.13E+00,1.02,3.28,-1.53,1.06,-0.0553,9.72,0.1783,12.562999999999999,411859,BMS-536924,Cc1cc(cc2[nH]c(nc12)-c1c(NC[C@@H](O)c2cccc(Cl)c2)cc[nH]c1=O)N1CCOCC1
432,16,3,-2.26E-01,4.05,-2.78E+00,2.43,4.55E-01,0.7190000000000001,1.91,-0.17800000000000002,0.413,0.5870000000000001,3.77,0.5867,13.706,411865,MST-312,Oc1cccc(C(=O)Nc2cccc(NC(=O)c3cccc(O)c3O)c2)c1O
432,16,3,1.24E+00,11.8,-2.92E+00,1.51,-5.65E-01,1.78,6.54,-0.706,0.39299999999999996,0.607,93.1,0.7174,14.640999999999998,411867,olaparib,Fc1ccc(Cc2n[nH]c(=O)c3ccccc23)cc1C(=O)N1CCN(CC1)C(=O)C1CC1
432,16,3,-1.01E+01,-4.52,-4.35E+00,1.28,4.28E-01,0.688,-7.32,-1.54,0.442,0.5579999999999999,0.00626,0.5579999999999999,9.6451,411869,oligomycin A,CCC1CCC2OC3(CC[C@@H](C)C(C[C@H](C)O)O3)[C@H](C)C(OC(=O)\C=C\[C@@H](C)[C@H](O)[C@@H](C)C(=O)[C@H](C)[C@@H](O)[C@H](C)C(=O)[C@@](C)(O)[C@H](O)[C@@H](C)C\C=C\C=C\1)[C@H]2C
432,16,3,-1.27E+01,-2.57,-4.69E+00,4.02,1.02E+00,1.17,-7.62,-0.335,-0.0935,1.09,0.0051,1.0935,16.184,411874,indisulam,NS(=O)(=O)c1ccc(cc1)S(=O)(=O)Nc1cccc2c(Cl)c[nH]c12
432,16,3,#NAME?,inf,#NAME?,inf,#NAME?,inf,-19.9,-0.122,-0.0358,1.04,1.02e-06,1.0358,15.538,415688,BRD-K02492147,CN1CCN(CC1)C(=O)C[C@@H]1O[C@H](CO)[C@@H](NS(=O)(=O)c2cccc(F)c2)C=C1
432,16,3,-3.42E+02,334.0,-3.93E+01,39.3,2.59E-01,0.501,-4.26,-0.0114,0.62,0.38,0.0523,0.38,9.1301,416775,austocystin D,CC(C)(O)CCc1ccc(O)c2c1oc1cc3O[C@H]4OC=C[C@@]4(O)c3c(O)c1c2=O
432,16,3,-2.50E+01,9.58,-2.63E+01,19.7,8.96E-01,1.03,-7.7,-3.31,0.0381,0.9620000000000001,0.00481,0.9627,14.564,416777,SJ-172550,CCOc1cc(cc(Cl)c1OCC(=O)OC)\C=C1C(=O)N(N=C/1C)c1ccccc1
432,16,2,-3.22E+09,3220000000.0,-1.64E+08,164000000.0,,,15.5,-0.36,1.0,0.0,47600.0,1.0,15.0,416842,BRD-K09587429,C[C@@H](NC(=O)C[C@@H]1CC[C@@H](NC(=O)CN2CCOCC2)[C@H](CO)O1)c1ccccc1
432,15,3,-2.48E+03,2450.0,-2.32E+03,2270.0,-8.11E+00,9.8,-13.8,-25.4,0.153,0.847,7.070000000000001e-05,0.8978,13.604000000000001,417098,pandacostat,ONC(=O)\C=C\c1ccc(cc1)C(=O)N\N=C\c1ccc(O)c(O)c1O
432,15,3,-1.39E+00,11.5,-3.44E+02,344.0,1.69E-01,0.517,5.05,-0.0926,0.657,0.34299999999999997,33.2,0.34299999999999997,13.706,417415,cyanoquinoline 11,Fc1ccc(Nc2c(cnc3c(Cl)cc(NCc4cnc[nH]4)cc23)C#N)cc1Cl
432,14,2,3.29E+00,4.47,-2.40E+00,-1.14,,,3.88,-1.77,1.0,0.0,14.7,0.3401,13.097000000000001,417416,tipifarnib-P2,Cn1cncc1[C@@](N)(c1ccc(Cl)cc1)c1ccc2n(C)c(=O)cc(-c3cccc(Cl)c3)c2c1
432,16,3,-3.38E+04,33800.0,-1.29E+04,12900.0,-2.99E+01,31.0,4.26,-0.0762,0.447,0.5529999999999999,19.1,0.5527,14.647,417417,tipifarnib-P1,Cn1cncc1[C@](N)(c1ccc(Cl)cc1)c1ccc2n(C)c(=O)cc(-c3cccc(Cl)c3)c2c1
432,16,3,8.47E-01,2.59,-5.79E-01,0.243,1.68E-01,0.42,1.72,-0.168,0.706,0.294,3.29,0.2942,12.652000000000001,417451,Compound 23 citrate,CN(C)[C@H]1CC[C@H]2[C@@H](CC[C@H]3[C@@H]4CC=C(c5ccc6cnccc6c5)[C@@]4(C)CC[C@H]23)C1
432,16,3,-6.84E+02,683.0,-2.18E+02,218.0,7.28E-01,0.8690000000000001,-0.171,-0.0658,0.20199999999999999,0.7979999999999999,0.888,0.7984,13.949000000000002,417452,nakiterpiosin,C[C@H]1C[C@@H](OC1=O)[C@@H](O)[C@@H](C(Cl)Cl)c1ccc2[C@@H]3C[C@@H](Br)[C@]45O[C@H](C[C@]4(C)[C@H]3C(=O)c2c1C)CO[C@H]5O
432,14,3,#NAME?,inf,#NAME?,inf,#NAME?,inf,3.57,-0.0126,0.0811,0.919,11.9,0.9189,14.880999999999998,417663,CCT036477,Cc1[nH]c2ccccc2c1C(Nc1ccccn1)c1ccc(Cl)cc1
432,15,3,-4.41E+00,-2.63,-6.86E-01,0.204,3.47E-02,0.45399999999999996,-3.52,-0.24100000000000002,0.7559999999999999,0.245,0.0872,0.2445,12.341,417979,YM-155,COCCn1c2c(C(=O)c3ccccc3C2=O)[n+](Cc2cnccn2)c1C
432,16,3,-5.17E+00,-0.601,-3.76E+00,-0.226,4.62E-01,0.711,-2.88,-1.99,0.414,0.586,0.136,0.5938,11.728,417981,BMS-754807,C[C@]1(CCCN1c1nc(Nc2cc(n[nH]2)C2CC2)c2cccn2n1)C(=O)Nc1ccc(F)nc1
432,16,2,-8.06E+11,884000000000.0,-1.35E+11,123000000000.0,,,39000000000.0,-5950000000.0,1.0,0.0,0.0,0.9986,14.978,417982,BIBR-1532,C\C(=C/C(=O)Nc1ccccc1C(O)=O)c1ccc2ccccc2c1
432,16,3,-4.69E+01,52.7,-3.40E+01,33.8,2.15E-01,0.649,2.9,-0.10300000000000001,0.568,0.43200000000000005,7.48,0.43200000000000005,12.061,417987,tosedostat,CC(C)C[C@H]([C@H](O)C(=O)NO)C(=O)N[C@H](C(=O)OC1CCCC1)c1ccccc1
432,16,2,2.44E+00,4.17,-2.46E+00,-0.6809999999999999,,,3.3,-1.57,1.0,0.0,9.87,0.247,12.811,418038,neratinib,CCOc1cc2ncc(C#N)c(Nc3ccc(OCc4ccccn4)c(Cl)c3)c2cc1NC(=O)\C=C\CN(C)C
432,14,3,-1.50E+04,15000.0,-3.75E+03,3750.0,5.92E-01,0.7979999999999999,2.38,-0.0817,0.305,0.695,5.21,0.6947,13.882,418162,BRD1812,Oc1ccc(C[C@@H]2N3[C@H](CN(Cc4cccc5ccccc45)C2=O)N(CCC3=O)C(=O)NCc2ccccc2)cc1
432,16,3,-2.81E+01,24.9,-7.43E+00,6.75,1.07E+00,1.17,-1.62,-0.33899999999999997,-0.11699999999999999,1.12,0.325,1.1173,15.899000000000001,418163,BRD8958,CC1=NN(C(=O)C\1=C\c1ccc(o1)-c1cc(C)c(C)cc1[N+]([O-])=O)c1ccc(cc1)C(O)=O
432,16,3,3.31E+00,4.19,-5.43E-01,0.0545,-1.89E-01,0.28600000000000003,3.75,-0.244,0.9520000000000001,0.0485,13.5,0.0531,13.767999999999999,418164,serdemetan,C(Cc1c[nH]c2ccccc12)Nc1cccc(Nc2ccncc2)c1
432,29,3,-5.91E+00,-3.19,-2.41E+00,-0.42,2.47E-01,0.5770000000000001,-4.55,-1.42,0.588,0.41200000000000003,0.0427,0.4233,11.720999999999998,418166,daporinad,O=C(NCCCCC1CCN(CC1)C(=O)c1ccccc1)\C=C\c1cccnc1
432,16,3,-2.09E+01,18.9,-3.98E+01,39.5,6.16E-01,0.777,-1.0,-0.111,0.304,0.6970000000000001,0.5,0.6966,13.165999999999999,418167,MK-1775,CN1CCN(CC1)c1ccc(Nc2ncc3c(n2)n(-c2cccc(n2)C(C)(C)O)n(CC=C)c3=O)cc1
432,16,3,2.84E+00,3.8,-7.70E-01,0.0145,-3.24E-02,0.389,3.32,-0.37799999999999995,0.8220000000000001,0.17800000000000002,9.99,0.1865,13.581,418170,tivozanib,COc1cc2nccc(Oc3ccc(NC(=O)Nc4cc(C)on4)c(Cl)c3)c2cc1OC
432,15,3,2.77E+00,7.25,-5.70E+00,5.45,4.68E-01,0.634,5.01,-0.125,0.449,0.551,32.2,0.5511,14.095,418172,Ko-143,COc1ccc2c3C[C@@H]4N([C@@H](CC(C)C)c3[nH]c2c1)C(=O)[C@H](CCC(=O)OC(C)(C)C)NC4=O
432,16,2,4.13E+00,9.17,-9.54E+00,-4.73,,,6.65,-7.13,1.0,0.0,100.0,0.5557,11.477,418209,CR-1-31B,CONC(=O)[C@H]1[C@@H](O)[C@@]2(O)c3c(O[C@]2([C@@H]1c1ccccc1)c1ccc(OC)cc1)cc(OC)cc3OC
432,16,2,-2.03E+05,203000.0,-1.87E+04,18700.0,,,20.3,-0.58,1.0,0.0,1280000.0,1.0,15.0,435086,BRD-K04800985,C[C@@H](CO)N1C[C@@H](C)[C@@H](CN(C)CC2CCCCC2)Oc2ccc(NC(=O)Nc3c(C)noc3C)cc2C1=O
432,15,2,-4.77E+04,47700.0,-5.50E+03,5500.0,,,24.6,-1.72,1.0,0.0,24800000.0,1.0,15.0,436211,BRD-K19103580,C[C@H](CO)N1C[C@H](C)[C@H](CN(C)Cc2ccc(Cl)c(Cl)c2)Oc2ccc(cc2C1=O)N(C)C
432,15,3,-2.46E+01,16.8,-3.02E+01,30.5,8.39E-01,0.977,-3.87,0.126,0.092,0.9079999999999999,0.0683,1.0,14.44,438776,BRD-K64610608,COc1ccc(cc1)S(=O)(=O)N(C)C[C@@H]1Oc2c(NC(=O)Nc3cccc4ccccc34)cccc2C(=O)N(C[C@H]1C)[C@@H](C)CO
432,16,3,-4.17E+01,29.8,-1.09E+01,18.0,3.11E-01,1.42,-5.97,3.53,0.13699999999999998,0.8640000000000001,0.0159,0.9942,14.342,439882,BRD-K09344309,C[C@H](CO)N1C[C@@H](C)[C@H](CN(C)Cc2ccc3OCOc3c2)Oc2c(NC(=O)c3ccncc3)cccc2C1=O
432,16,3,-4.87E+08,487000000.0,-1.93E+08,193000000.0,1.06E+00,1.18,-7.05,-0.0294,-0.12,1.12,0.00755,1.1204,16.577,442141,BRD-K02251932,C[C@H](CO)N1C[C@H](C)[C@H](CN(C)C(=O)NC2CCCCC2)Oc2c(NS(=O)(=O)c3ccc(F)cc3)cccc2C1=O
432,16,2,3.39E+00,5.78,-2.71E+00,-0.223,,,4.59,-1.47,1.0,0.0,24.0,0.2685,13.081,444779,BRD-K55116708,C[C@@H](CO)N1C[C@@H](C)[C@@H](CN(C)Cc2ccc(cc2)C(=O)Nc2ccccc2N)Oc2c(NC(=O)Nc3ccccc3)cccc2C1=O
432,15,3,-1.14E+01,8.54,-4.16E+00,10.3,9.81E-01,1.29,-1.43,3.09,-0.134,1.13,0.37200000000000005,1.011,16.011,447732,BRD-K16147474,CC(C)NC(=O)Nc1ccc2O[C@@H](CN(C)S(C)(=O)=O)[C@@H](C)CN([C@H](C)CO)C(=O)Cc2c1
432,16,3,#NAME?,inf,#NAME?,inf,#NAME?,inf,-0.261,-0.0163,-0.16399999999999998,1.16,0.835,1.1635,16.034000000000002,449707,BRD-K33199242,CNC[C@@H]1Oc2ccc(cc2CC(=O)N(C[C@@H]1C)[C@@H](C)CO)N(C)C
432,15,3,-1.64E+08,164000000.0,-1.11E+07,11100000.0,1.06E+00,1.13,-72.1,-0.311,-0.0939,1.09,1.95e-22,1.0939,16.409000000000002,450415,BRD-K52037352,C[C@@H](CO)N1C[C@H](C)[C@H](CN(C)C(=O)Nc2cccc3ccccc23)Oc2ccc(NC(=O)NC3CCCCC3)cc2CC1=O
432,15,3,-1.27E+10,12700000000.0,-7.29E+08,729000000.0,8.01E-01,1.09,-31.7,-1.01,0.0555,0.945,2.84e-10,0.9445,14.167,463198,BRD-K37390332,C[C@H](CO)N1C[C@H](C)[C@@H](CN(C)C(=O)Nc2cccc3ccccc23)Oc2ccc(NC(=O)c3ccncc3)cc2CC1=O
432,15,2,4.00E+00,6.27,-2.40E+00,-0.41,,,5.13,-1.41,1.0,0.0,35.0,0.3414,13.497,464458,tandutinib,COc1cc2c(ncnc2cc1OCCCN1CCCCC1)N1CCN(CC1)C(=O)Nc1ccc(OC(C)C)cc1
432,16,2,-7.21E+04,83400.0,-3.33E+04,28800.0,,,5670.0,-2260.0,1.0,0.0,0.0,0.9245,13.870999999999999,478694,isonicotinohydroxamic acid,ONC(=O)c1ccncc1
432,15,2,2.69E+00,3.76,-1.49E+00,-0.379,,,3.23,-0.935,1.0,0.0,9.35,0.2918,13.056,481311,HLI 373,CN(C)CCCNc1c2ccccc2n(C)c2nc(=O)n(C)c(=O)c12
432,15,3,-3.09E+10,30900000000.0,-2.12E+09,2120000000.0,4.15E-02,1.9,-183.0,-9.21,0.0284,0.972,8.130000000000001e-56,0.9716,14.574000000000002,580922,NSC19630,CCC(=O)OCN1C(=O)C=CC1=O
432,16,3,-1.70E+03,1700.0,-4.39E+02,439.0,8.71E-01,1.1,2.48,-0.054,0.0151,0.985,5.58,0.9849,14.946,594399,NSC48300,O[As](O)(=O)c1ccc(Cc2ccc(cc2)[As](O)(O)=O)cc1
432,16,3,#NAME?,inf,#NAME?,inf,#NAME?,inf,-13.4,-0.0795,-0.125,1.13,9.46e-05,1.1248,16.872,594663,PRIMA-1-Met,COC[C@]1(CO)[N@@]2CC[C@@H](CC2)C1=O
432,16,3,#NAME?,inf,#NAME?,inf,#NAME?,inf,0.552,-0.00349,0.157,0.843,1.47,0.8432,14.295,594664,isoevodiamine,CN1C2N(CCc3c2[nH]c2ccccc32)C(=O)c2ccccc12
432,15,3,-3.03E+00,7.06,-1.28E+01,12.6,-7.85E-02,0.16699999999999998,2.01,-0.10099999999999999,0.956,0.0444,4.04,0.0444,12.104000000000001,594665,UNC0638,COc1cc2c(NC3CCN(CC3)C(C)C)nc(nc2cc1OCCCN1CCCC1)C1CCCCC1
432,15,2,2.50E+00,5.99,-3.60E+00,0.23399999999999999,,,4.25,-1.68,1.0,0.0,19.0,0.3821,13.386,595102,cucurbitacin I,CC(C)(O)\C=C\C(=O)[C@](C)(O)C1[C@H](O)C[C@@]2(C)C3CC=C4C(CC(=O)C(=O)C4(C)C)[C@]3(C)C(=O)C[C@]12C
432,16,2,#NAME?,inf,#NAME?,inf,,,10.6,-0.138,1.0,0.0,1570.0,1.0,15.0,596868,BRD-K50799972,COc1ccccc1-c1cccc(c1)-c1nc(cc2CN([C@@H](CCO)c12)[S@@](=O)C(C)(C)C)C(=O)NCc1ccncc1
432,15,3,-7.65E-01,7.96,-2.36E+00,6.61,1.09E+00,1.2,3.6,2.12,-0.145,1.15,12.1,1.0348,16.738,600054,BRD-K17060750,CN(C)CC(=O)N[C@@H]1CC[C@@H](CCNC(=O)Nc2ccc(F)cc2)O[C@H]1CO
432,16,2,5.36E+00,9.52,-7.67E+00,-3.98,,,7.44,-5.82,1.0,0.0,174.0,0.5593,11.96,601923,barasertib,CCN(CCO)CCCOc1ccc2c(Nc3cc(CC(=O)Nc4cccc(F)c4)[nH]n3)ncnc2c1
432,13,3,-1.27E+00,-0.93,-6.40E-01,-0.335,1.37E-02,0.113,-1.1,-0.488,0.937,0.0634,0.466,0.0636,8.3075,606033,linifanib,Cc1ccc(F)c(NC(=O)Nc2ccc(cc2)-c2cccc3[nH]nc(N)c23)c1
432,16,3,-6.73E+05,673000.0,-8.80E+04,88000.0,9.52E-01,1.09,-33.3,-2.46,-0.0189,1.02,9.22e-11,1.0189,15.283,606034,veliparib,C[C@@]1(CCCN1)c1nc2c(cccc2[nH]1)C(N)=O
432,16,2,3.98E+00,4.6,-1.52E+00,-0.91,,,4.29,-1.21,1.0,0.0,19.6,0.1894,12.989,606035,saracatinib,CN1CCN(CCOc2cc(OC3CCOCC3)c3c(Nc4c5OCOc5ccc4Cl)ncnc3c2)CC1
432,16,3,8.20E-01,3.94,-2.15E+00,0.287,-3.27E-01,0.462,2.38,-0.932,0.9329999999999999,0.0675,5.2,0.0852,11.564,606135,afatinib,CN(C)C\C=C\C(=O)Nc1cc2c(Nc3ccc(F)c(Cl)c3)ncnc2cc1O[C@H]1CCOC1
432,16,3,-9.88E+00,4.26,-9.76E+00,9.44,1.01E+00,1.11,-2.81,-0.16,-0.0614,1.06,0.14300000000000002,1.0614,15.544,606138,canertinib,Fc1ccc(Nc2ncnc3cc(OCCCN4CCOCC4)c(NC(=O)C=C)cc23)cc1Cl
432,16,3,1.10E+00,1.61,-7.45E-01,-0.312,-4.84E-02,0.0894,1.36,-0.529,0.98,0.0205,2.56,0.0206,10.408,606142,obatoclax,COC1=CC(=N\C\1=C/c1[nH]c(C)cc1C)c1cc2ccccc2[nH]1
432,16,3,3.13E+00,4.7,-1.28E+00,-0.0635,-3.50E-01,0.31,3.92,-0.6709999999999999,1.02,-0.0201,15.1,0.0203,12.8,606143,masitinib,CN1CCN(Cc2ccc(cc2)C(=O)Nc2ccc(C)c(Nc3nc(cs3)-c3cccnc3)c2)CC1
432,16,2,-1.24E+01,58.1,-5.01E+01,9.91,,,22.8,-20.1,1.0,0.0,7520000.0,0.6976,11.522,606246,brivanib,C[C@@H](O)COc1cn2ncnc(Oc3ccc4[nH]c(C)cc4c3F)c2c1C
432,15,3,8.60E-01,1.59,-7.27E-01,-0.0352,2.92E-01,0.45299999999999996,1.23,-0.381,0.628,0.37200000000000005,2.34,0.3721,11.974,606248,GDC-0879,OCCn1cc(c(n1)-c1ccncc1)-c1ccc2c(CC\C2=N/O)c1
432,16,3,-3.25E+00,-1.18,-1.77E+00,0.0236,2.75E-01,0.493,-2.21,-0.872,0.616,0.384,0.21600000000000003,0.3839,9.9115,606254,SNS-032,CC(C)(C)c1cnc(CSc2cnc(NC(=O)C3CCNCC3)s2)o1
432,15,2,2.78E+00,9.19,-4.18E+00,0.0299,,,5.99,-2.07,1.0,0.0,63.4,0.7176,13.982000000000001,606256,PLX-4720,CCCS(=O)(=O)Nc1ccc(F)c(C(=O)c2c[nH]c3ncc(Cl)cc23)c1F
432,16,3,-6.92E+07,69200000.0,-2.90E+07,29000000.0,6.48E-01,0.7759999999999999,3.14,-0.0369,0.28800000000000003,0.7120000000000001,8.83,0.7117,14.163,606356,TGX-221,CC(Nc1ccccc1)c1cc(C)cn2c1nc(cc2=O)N1CCOCC1
432,14,2,-6.23E-01,3.49,-8.89E+00,-3.11,,,1.43,-6.0,1.0,0.0,2.7,0.3165,9.0819,606363,KU-0063794,COc1ccc(cc1CO)-c1ccc2c(nc(nc2n1)N1C[C@H](C)O[C@H](C)C1)N1CCOCC1
432,16,2,6.21E+00,7.52,-1.85E+00,-0.8059999999999999,,,6.87,-1.33,1.0,0.0,117.0,0.6482,14.427999999999999,606470,TG-100-115,Nc1nc(N)c2nc(-c3cccc(O)c3)c(nc2n1)-c1cccc(O)c1
432,15,3,8.69E-01,3.32,-1.84E+00,-0.45899999999999996,2.22E-01,0.585,2.1,-1.15,0.597,0.40299999999999997,4.27,0.4455,13.19,606471,GSK1059615,O=C1NC(=O)\C(S1)=C\c1ccc2nccc(-c3ccncc3)c2c1
432,12,3,#NAME?,inf,#NAME?,inf,#NAME?,inf,-40.4,-0.662,-0.0342,1.03,6.940000000000001e-13,1.0342,15.513,606586,SU11274,CN(c1cccc(Cl)c1)S(=O)(=O)c1ccc2NC(=O)\C(=C/c3[nH]c(C)c(C(=O)N4CCN(C)CC4)c3C)c2c1
432,16,2,-6.15E+01,141.0,-1.28E+02,54.4,,,39.8,-36.7,1.0,0.0,928000000000.0,0.7145,11.305,606670,BRD-K88742110,COc1ccc(Cn2ccc3ccc(cc23)C(=O)NO)cc1
432,16,3,2.46E+00,8.43,-2.43E+00,-0.324,-1.96E+00,0.927,5.44,-1.38,1.52,-0.519,43.5,0.075,13.044,607696,LRRK2-IN-1,COc1cc(ccc1Nc1ncc2N(C)C(=O)c3ccccc3N(C)c2n1)C(=O)N1CCC(CC1)N1CCN(C)CC1
432,16,3,-1.75E+01,7.79,-1.88E+01,18.5,1.01E+00,1.13,-4.85,-0.161,-0.0667,1.07,0.0346,1.0667,15.661,608062,BRD8899,CC(=O)NC[C@@H]1C[C@H](CN1)NS(=O)(=O)c1cccc2cncc(C)c12
432,16,3,#NAME?,inf,#NAME?,inf,#NAME?,inf,-2.92,-0.0148,-0.0297,1.03,0.132,1.0297,15.275,608999,EX-527,NC(=O)[C@H]1CCCc2c1[nH]c1ccc(Cl)cc21
432,16,3,-7.63E+04,76200.0,-4.20E+04,42000.0,6.42E-01,0.7829999999999999,-5.43,-0.0505,0.28800000000000003,0.713,0.0233,0.7125,13.82,609056,ELCPK,O=S(=O)(N1CCCc2ccccc12)c1ccc(cc1)-c1cnc(o1)C1CC1
432,15,3,-7.78E+15,7780000000000000.0,-1.54E+19,1.54e+19,-7.40E+04,74000.0,-176000000.0,14100000000.0,-0.201,1.2,0.0,1.0997,16.495,609058,NPC-26,CCOC(=O)c1c(NC(=O)c2ccc(s2)[N+]([O-])=O)sc2c1CC(C)(C)NC2(C)C
432,16,3,4.12E-01,0.732,-5.36E-01,-0.29600000000000004,-2.57E-02,0.0684,0.5720000000000001,-0.41600000000000004,0.9790000000000001,0.0214,1.49,0.0214,10.623,609060,"1S,3R-RSL-3",COC(=O)[C@H]1Cc2c([nH]c3ccccc23)[C@@H](N1C(=O)CCl)c1ccc(cc1)C(=O)OC
432,10,3,#NAME?,inf,#NAME?,inf,#NAME?,inf,3.23,-0.00118,0.965,0.0354,9.4,0.0354,12.02,609061,CIL55A,CN(C)CCNC(=O)c1cc2CSc3ccc(Cl)cc3-c2s1
432,16,3,4.79E-02,4.87,-7.24E-01,0.514,-9.67E-02,0.141,2.46,-0.105,0.978,0.0223,5.5,0.0223,12.474,609062,SCH-529074,CN(C)CCCNc1nc(CN2CCN(CC2)C(c2ccc(Cl)cc2)c2ccc(Cl)cc2)nc2ccccc12
432,16,3,4.20E+00,4.9,-4.60E-01,-0.0964,-1.76E-01,0.188,4.55,-0.278,0.9940000000000001,0.00581,23.4,0.0102,13.508,609063,StemRegenin 1,CC(C)n1cnc2c(NCCc3ccc(O)cc3)nc(nc12)-c1csc2ccccc12
432,12,3,-5.79E+01,58.1,-1.10E+02,110.0,6.51E-01,0.8140000000000001,0.10400000000000001,-0.0883,0.267,0.733,1.08,0.7326,13.679,609091,FQI-2,CCOc1ccccc1-c1cc(=O)[nH]c2cc3OCOc3cc12
432,15,3,-1.41E+01,-0.0865,-9.21E+00,8.86,8.21E-01,0.965,-7.09,-0.175,0.107,0.893,0.00735,0.8927,13.698,609110,ML210,Cc1onc(C(=O)N2CCN(CC2)C(c2ccc(Cl)cc2)c2ccc(Cl)cc2)c1[N+]([O-])=O
432,16,3,-1.20E+06,1200000.0,-1.79E+05,179000.0,8.06E-01,1.24,-88.9,-5.05,-0.0244,1.02,1.78e-27,1.0244,15.366,609121,darinaparsin,C[As](C)SC[C@H](NC(=O)CC[C@H](N)C(O)=O)C(=O)NCC(O)=O
432,16,3,2.40E+00,8.99,-7.76E+00,7.49,1.93E-01,0.7559999999999999,5.69,-0.132,0.526,0.474,51.8,0.4749,14.501,609124,PX-12,CCC(C)SSc1ncc[nH]1
432,16,3,-4.44E+00,5.06,-5.25E+00,0.627,5.72E-01,0.9209999999999999,0.307,-2.31,0.253,0.747,1.24,0.7659999999999999,13.51,609332,GANT-61,CN(C)c1ccccc1CN1CCCN(Cc2ccccc2N(C)C)C1c1ccncc1
432,16,3,1.90E+00,2.31,-6.02E-01,-0.107,-5.95E-02,0.0957,2.11,-0.354,0.982,0.0181,4.31,0.0181,11.133,609440,PL-DI,COc1cc(\C=C\C(=O)N2CCC=CC2=O)cc(OC)c1OCCN(C)CCOc1c(OC)cc(\C=C\C(=O)N2CCC=CC2=O)cc1OC
432,16,3,#NAME?,inf,#NAME?,inf,#NAME?,inf,1.05,-0.0072,0.344,0.6559999999999999,2.07,0.6559,13.625,609596,TW-37,CC(C)c1ccccc1Cc1cc(C(=O)Nc2ccc(cc2)S(=O)(=O)c2ccccc2C(C)(C)C)c(O)c(O)c1O
432,16,3,-5.63E+00,-4.72,-2.76E+00,-1.87,2.81E-01,0.34700000000000003,-5.17,-2.31,0.6859999999999999,0.314,0.0277,0.3194,7.5765,609639,AZD8055,COc1ccc(cc1CO)-c1ccc2c(nc(nc2n1)N1CCOC[C@@H]1C)N1CCOC[C@@H]1C
432,16,3,#NAME?,inf,#NAME?,inf,#NAME?,inf,-0.853,-0.00645,0.179,0.821,0.5539999999999999,0.8206,14.13,609674,CHM-1,Fc1ccccc1-c1cc(=O)c2cc3OCOc3cc2[nH]1
432,16,3,-1.48E+07,14800000.0,-1.40E+06,1400000.0,9.30E-01,1.14,-38.8,-2.25,-0.0337,1.03,2.07e-12,1.0337,15.505999999999998,609781,ML239,Clc1cc(Cl)c(OCC(=O)N\N=C\c2ccc[nH]2)c(Cl)c1
432,16,2,-5.73E+06,89400000.0,-4.16E+07,2670000.0,,,41800000.0,-19500000.0,1.0,0.0,0.0,0.8954,13.431,616352,salermide,CC(C(=O)Nc1cccc(c1)\N=C\c1c(O)ccc2ccccc12)c1ccccc1
432,15,2,-9.27E+05,927000.0,-7.89E+04,78900.0,,,28.7,-1.14,1.0,0.0,432000000.0,1.0,15.0,616353,fumonisin B1,CCCC[C@@H](C)[C@@H](OC(=O)C[C@@H](CC(O)=O)C(O)=O)[C@H](CC(C)C[C@H](O)CCCC[C@@H](O)C[C@H](O)[C@H](C)N)OC(=O)C[C@@H](CC(O)=O)C(O)=O
432,16,3,-1.07E+00,3.28,-2.95E+00,0.263,2.38E-01,0.7,1.11,-1.34,0.531,0.469,2.15,0.4819,12.360999999999999,616354,JQ-1,Cc1sc-2c(c1C)C(=N[C@@H](CC(=O)OC(C)(C)C)c1nnc(C)n-21)c1ccc(Cl)cc1
432,16,3,-8.92E+03,8930.0,-8.02E+03,8020.0,7.45E-01,0.973,3.13,-0.0641,0.141,0.8590000000000001,8.73,0.8587,14.588,616355,BRD-K51490254,ONC(=O)c1cccc(c1)C(=O)Nc1ccccc1
432,16,3,8.46E-01,10.2,-3.09E+00,0.71,-4.86E-01,1.37,5.53,-1.19,0.5579999999999999,0.44299999999999995,46.2,0.6609,14.380999999999998,616408,BRD-K85133207,CC(=O)N[C@H]1C[C@H](C1)C(=O)Nc1cc(ccc1N)-c1ccc(F)cc1
432,16,3,1.43E+00,2.29,-7.40E-01,0.126,6.98E-02,0.313,1.86,-0.307,0.8079999999999999,0.192,3.63,0.1916,11.616,622911,BMS-345541,Cc1cnc2c(NCCN)nc3ccc(C)cc3n12
432,16,3,-9.03E+01,87.2,-2.21E+01,22.0,9.32E-01,1.03,-1.51,-0.072,0.0214,0.9790000000000001,0.35100000000000003,0.9786,14.839,622913,CAY10576,COc1cc2ncn(-c3cc(OCc4ccccc4S(C)(=O)=O)c(s3)C#N)c2cc1OC
432,14,3,7.70E-01,4.5,-2.06E+00,0.332,4.66E-01,0.8109999999999999,2.63,-0.8640000000000001,0.36200000000000004,0.638,6.21,0.6452,13.761,628408,Repligen 136,Cc1ccc(cc1)C(=O)NCCCCCC(=O)Nc1ccc(F)cc1N
432,16,3,-2.82E+01,25.4,-5.48E+00,5.32,8.65E-01,0.98,-1.42,-0.0804,0.0775,0.9229999999999999,0.373,0.9225,14.421,628601,nintedanib,COC(=O)c1ccc2c(NC(=O)\C2=C(/Nc2ccc(cc2)N(C)C(=O)CN2CCN(C)CC2)c2ccccc2)c1
432,13,3,1.93E+00,2.72,-1.27E+00,-0.631,-1.02E-01,0.135,2.32,-0.95,0.983,0.0167,5.0,0.0356,11.322000000000001,628603,crizotinib,C[C@@H](Oc1cc(cnc1N)-c1cnn(c1)C1CCNCC1)c1c(Cl)ccc(F)c1Cl
432,16,3,-6.79E-01,2.28,-1.80E+00,0.763,-1.36E-03,0.5820000000000001,0.8,-0.517,0.71,0.29,1.74,0.2902,11.277000000000001,628607,foretinib,COc1cc2c(Oc3ccc(NC(=O)C4(CC4)C(=O)Nc4ccc(F)cc4)cc3F)ccnc2cc1OCCCN1CCOCC1
432,16,3,-7.24E+14,724000000000000.0,-5.48E+14,548000000000000.0,8.06E-01,0.99,-0.927,-0.0139,0.102,0.898,0.526,0.8976,14.286,628613,regorafenib,CNC(=O)c1cc(Oc2ccc(NC(=O)Nc3ccc(Cl)c(c3)C(F)(F)F)c(F)c2)ccn1
432,14,3,2.57E+00,5.81,-1.75E+00,0.436,-1.46E+00,1.04,4.19,-0.659,1.21,-0.21100000000000002,18.2,0.0454,12.706,628614,WZ8040,CN1CCN(CC1)c1ccc(Nc2ncc(Cl)c(Sc3cccc(NC(=O)C=C)c3)n2)cc1
432,14,3,-1.54E+01,15.7,-3.84E+00,3.77,6.21E-01,0.742,0.18600000000000003,-0.0328,0.318,0.682,1.14,0.6817,13.135,628620,OSI-930,FC(F)(F)Oc1ccc(NC(=O)c2sccc2NCc2ccnc3ccccc23)cc1
432,16,3,1.36E-01,4.52,-1.22E+00,0.919,3.01E-01,0.542,2.33,-0.149,0.579,0.42200000000000004,5.03,0.4215,12.850999999999999,628622,MGCD-265,Cn1cnc(c1)-c1cc2nccc(Oc3ccc(NC(=S)NC(=O)Cc4ccccc4)cc3F)c2s1
432,16,3,-2.06E+05,206000.0,-1.51E+04,15100.0,9.29E-01,1.02,-1.52,-0.0142,0.0249,0.975,0.349,0.9751,14.812000000000001,628639,lenvatinib,COc1cc2nccc(Oc3ccc(NC(=O)NC4CC4)c(Cl)c3)c2cc1C(N)=O
432,16,3,-5.83E-01,2.92,-3.23E+00,2.78,7.51E-01,0.915,1.17,-0.222,0.16699999999999998,0.833,2.25,0.833,14.353,632103,YK 4-279,COc1ccc(cc1)C(=O)CC1(O)C(=O)Nc2c1c(Cl)ccc2Cl
432,16,3,-1.03E+00,-0.0676,-8.23E-01,-0.0595,3.00E-01,0.457,-0.546,-0.441,0.621,0.379,0.685,0.3787,11.526,632104,CAY10618,O=C(CCCCCCCn1cc(nn1)-c1cccnc1)Nc1ccccc1-c1ccccc1
432,10,3,-7.73E-01,1.74,-2.16E+00,0.0275,3.35E-01,0.623,0.48100000000000004,-1.07,0.521,0.479,1.4,0.4862,12.616,632119,KU 0060648,CCN1CCN(CC(=O)Nc2ccc(-c3cccc4c3oc(cc4=O)N3CCOCC3)c3sc4ccccc4c23)CC1
432,14,2,-2.57E+02,340.0,-1.39E+02,104.0,,,41.6,-17.6,1.0,0.0,3410000000000.0,0.8943,13.84,632243,narciclasine,O[C@H]1C=C2[C@@H](NC(=O)c3c(O)c4OCOc4cc23)[C@H](O)[C@@H]1O
432,16,3,-6.82E-02,0.6409999999999999,-8.84E-01,-0.273,-3.20E-02,0.147,0.287,-0.578,0.9420000000000001,0.0577,1.22,0.057999999999999996,10.517000000000001,632873,MLN2238,CC(C)C[C@H](NC(=O)CNC(=O)c1cc(Cl)ccc1Cl)B(O)O
432,15,3,9.46E-01,2.03,-1.24E+00,-0.446,-2.45E-01,0.147,1.49,-0.841,1.05,-0.0488,2.81,-0.0014,11.258,632907,ISOX,CC(C)(C)OC(=O)Nc1ccc(cc1)-c1cc(no1)C(=O)NCCCCCCC(=O)NO
432,11,2,3.71E+00,4.63,-1.10E+00,-0.21100000000000002,,,4.17,-0.657,1.0,0.0,18.0,0.207,13.09,634309,lapatinib,CS(=O)(=O)CCNCc1ccc(o1)-c1ccc2ncnc(Nc3ccc(OCc4cccc(F)c4)c(Cl)c3)c2c1
432,16,2,2.75E+00,14.5,-1.17E+01,-1.67,,,8.63,-6.66,1.0,0.0,397.0,0.5957,12.013,634814,BRD-K29313308,CC(=O)Nc1ccc(cc1)C(=O)Nc1ccc(F)cc1N
432,16,3,-3.38E+10,33800000000.0,-1.78E+10,17800000000.0,-3.18E+05,318000.0,-410.0,-17300.0,-0.105,1.11,4.6799999999999996e-124,1.053,15.794,635576,UNC0321,COc1cc2c(NC3CCN(C)CC3)nc(nc2cc1OCCOCCN(C)C)N1CCCN(C)CC1
432,16,3,-9.15E+02,903.0,-6.94E+02,642.0,-2.07E+00,4.37,-6.39,-26.0,-0.149,1.15,0.0119,1.0923,16.226,635882,SGX-523,Cn1cc(cn1)-c1ccc2nnc(Sc3ccc4ncccc4c3)n2n1
432,16,3,-3.18E+01,29.5,-2.30E+01,19.5,7.68E-01,1.15,-1.18,-1.78,0.0399,0.96,0.44299999999999995,0.9613,14.75,636425,erismodegib,C[C@H]1CN(C[C@@H](C)O1)c1ccc(NC(=O)c2cccc(-c3ccc(OC(F)(F)F)cc3)c2C)cn1
432,16,3,-3.76E+04,37600.0,-4.05E+03,4050.0,8.09E-01,1.29,3.6,-0.0325,-0.0468,1.05,12.1,1.0468,15.114,636711,alisertib,COc1cc(Nc2ncc3CN=C(c4cc(Cl)ccc4-c3n2)c2c(F)cccc2OC)ccc1C(O)=O
432,16,3,5.25E-01,9.32,-2.99E+00,-0.0482,-4.11E-01,1.19,4.92,-1.52,0.609,0.391,30.4,0.5872,13.957,639390,AZD6482,C[C@@H](Nc1ccccc1C(O)=O)c1cc(C)cn2c1nc(cc2=O)N1CCOCC1
432,16,2,5.41E+00,6.23,-9.70E-01,-0.10800000000000001,,,5.82,-0.539,1.0,0.0,56.5,0.3926,14.502,639450,ruxolitinib,N#CC[C@H](C1CCCC1)n1cc(cn1)-c1ncnc2[nH]ccc12
432,16,3,-7.43E-01,3.99,-2.45E+00,1.43,8.04E-01,0.96,1.62,-0.512,0.11800000000000001,0.882,3.08,0.8823,14.479000000000001,639531,bleomycin A2,C[C@@H](O)[C@@H](NC(=O)[C@H](C)[C@@H](O)[C@H](C)NC(=O)[C@@H](NC(=O)c1nc(nc(N)c1C)[C@H](CC(N)=O)NC[C@@H](N)C(N)=O)C(O[C@H]1O[C@H](CO)[C@H](O)[C@@H](O)[C@H]1O[C@H]1O[C@H](CO)[C@@H](O)[C@H](OC(N)=O)[C@@H]1O)c1c[nH]cn1)C(=O)NCCc1nc(cs1)-c1nc(cs1)C(=O)NCCC[S+](C)C
432,16,2,-2.00E-01,4.22,-7.66E+00,-2.24,,,2.01,-4.95,1.0,0.0,4.03,0.3065,9.6652,639759,GDC-0941,CS(=O)(=O)N1CCN(Cc2cc3nc(nc(N4CCOCC4)c3s2)-c2cccc3[nH]ncc23)CC1
432,15,3,-7.15E+00,11.2,-2.90E+01,28.8,5.38E-01,0.787,2.02,-0.11699999999999999,0.337,0.6629999999999999,4.05,0.6628,13.642000000000001,639962,SB-525334,Cc1cccc(n1)-c1[nH]c(nc1-c1ccc2nccnc2c1)C(C)(C)C
432,15,3,-1.68E+00,0.294,-2.22E+00,-0.602,2.15E-01,0.433,-0.6940000000000001,-1.41,0.6759999999999999,0.324,0.618,0.3297,10.44,640007,PHA-793887,CC(C)CC(=O)Nc1n[nH]c2c1CN(C(=O)C1CCN(C)CC1)C2(C)C
432,16,2,-2.94E+08,294000000.0,-1.64E+07,16400000.0,,,13.7,-0.14300000000000002,1.0,0.0,13400.0,1.0,15.0,640011,quizartinib,CC(C)(C)c1cc(NC(=O)Nc2ccc(cc2)-c2cn3c(n2)sc2cc(OCCN4CCOCC4)ccc32)no1
432,16,3,2.50E+00,3.31,-8.15E-01,-0.0629,-1.46E-01,0.163,2.9,-0.439,0.991,0.00866,7.47,0.0094,11.883,640157,fingolimod,CCCCCCCCc1ccc(CCC(N)(CO)CO)cc1
432,16,3,7.60E-01,5.51,-2.83E+00,-0.249,-1.09E-01,0.687,3.13,-1.54,0.711,0.289,8.78,0.3816,12.777999999999999,640265,pazopanib,CN(c1ccc2c(C)n(C)nc2c1)c1ccnc(Nc2ccc(C)c(c2)S(N)(=O)=O)n1
432,14,3,-1.03E+04,10300.0,-6.87E+03,6870.0,-9.66E-02,0.142,2.15,-0.068,0.977,0.0227,4.45,0.0227,12.175,640366,WZ4002,COc1cc(ccc1Nc1ncc(Cl)c(Oc2cccc(NC(=O)C=C)c2)n1)N1CCN(C)CC1
432,16,2,4.02E+00,5.22,-1.69E+00,-0.502,,,4.62,-1.09,1.0,0.0,24.5,0.2119,13.31,641721,BRD-K24690302,CN(C)CC1CN(C1)C(=O)Nc1cc(ccc1N)-c1ccc(F)cc1
432,16,3,-2.53E+01,23.4,-5.72E+01,57.0,6.94E-01,0.804,-0.985,-0.0903,0.251,0.7490000000000001,0.505,0.7491,13.235999999999999,648987,BRD-K70511574,COc1ccc(cc1)S(=O)(=O)N(C(=O)C)c2ccccc2C=Cc3cc[n+]([O-])cc3
432,14,3,-4.49E+00,-1.17,-2.26E+00,1.24,8.19E-01,0.9359999999999999,-2.83,-0.512,0.12300000000000001,0.878,0.141,0.8775,14.035,649420,PLX-4032,CCCS(=O)(=O)Nc1ccc(F)c(C(=O)c2c[nH]c3ncc(cc23)-c2ccc(Cl)cc2)c1F
432,10,3,-5.81E+00,7.53,-7.61E+00,0.161,-1.15E+00,0.706,0.861,-3.72,1.22,-0.222,1.82,0.0208,7.9706,649862,GSK461364,C[C@@H](Oc1cc(sc1C(N)=O)-n1cnc2ccc(CN3CCN(C)CC3)cc12)c1ccccc1C(F)(F)F
432,16,3,-2.75E+00,3.2,-3.69E+00,3.06,1.02E+00,1.09,0.22399999999999998,-0.315,-0.0534,1.05,1.17,1.0534,15.311,651298,YL54,CC[C@H](C)[C@H](NC(=O)[C@H](CCCNC(N)=N)NC(=O)[C@H](CCCNC(N)=N)NC(=O)CCNC(C)=O)C(=O)N[C@]1(C)CCC\C=C/CCC[C@@](C)(NC(=O)[C@H](CC(C)C)NC(=O)[C@H](CC(C)C)NC(=O)[C@H](CCSC)NC1=O)C(=O)N[C@@H](C)C(=O)N[C@@H](C)C(=O)N[C@@H](CC(N)=O)C(=O)N[C@@H](CCCNC(N)=N)C(=O)N[C@@H](CC(C)C)C(=O)N[C@@H](CCC(O)=O)C(=O)N[C@@H](CCCNC(N)=N)C(O)=O
432,16,3,-5.87E+02,546.0,-1.75E+03,1700.0,-4.17E-01,2.53,-20.4,-24.5,-0.0554,1.06,7.459999999999999e-07,1.0414,15.568,651304,BRD-K20514654,CC[C@H](C)[C@H](NC(=O)[C@H](CCCNC(N)=N)NC(=O)[C@H](CCCNC(N)=N)NC(=O)CCNC(C)=O)C(=O)N[C@@H](CCC(N)=O)C(=O)N[C@@H](CCSC)C(=O)N[C@@H](CC(C)C)C(=O)N[C@@H](CC(C)C)C(=O)N[C@@H](CCC(O)=O)C(=O)N[C@@H](C)C(=O)N[C@@H](C)C(=O)N[C@@H](CC(N)=O)C(=O)N[C@@H](CCCNC(N)=N)C(=O)N[C@]1(C)CCC\C=C/CCC[C@@](C)(NC(=O)[C@H](CCCNC(N)=N)NC(=O)[C@H](CCCNC(N)=N)NC(=O)[C@H](CCC(O)=O)NC1=O)C(=O)N[C@@H](CCCNC(N)=N)C(N)=O
432,15,3,#NAME?,inf,#NAME?,inf,#NAME?,inf,-460.0,-10.4,0.142,0.858,4.719999999999999e-139,0.8578,12.868,651306,BRD-K55473186,CCC(C)C(NC(=O)C(CCCNC(=N)N)NC(=O)C(CCCNC(=N)N)NC(=O)C(CCCNC(=N)N)NC(=O)C(CC(C)C)NC(=O)C(CCCNC(=N)N)NC(=O)C(CCC(=O)O)NC(=O)CCNC(=O)C)C(=O)NC1(C)CCCC=CCCCC(C)(NC(=O)C(CCCNC(=N)N)NC(=O)C(CS)NC(=O)C(CC(C)C)NC1=O)C(=O)NC(Cc2c[nH]cn2)C(=O)NC(Cc3c[nH]cn3)C(=O)NC(CO)C(=O)NC(C(C)O)C(=O)N
432,16,3,-7.77E+03,7750.0,-1.97E+03,1970.0,9.39E-01,1.04,-12.0,-0.5589999999999999,0.00905,0.991,0.000252,0.991,14.864,651642,BRD-K28456706,Cc1c(oc2ccc3ccccc3c12)[N+]([O-])=O
432,15,3,-8.28E+06,8280000.0,-8.49E+05,849000.0,4.98E-01,0.8140000000000001,0.682,-0.0021100000000000003,0.344,0.6559999999999999,1.6,0.6561,13.155999999999999,652975,STF-31,CC(C)(C)c1ccc(cc1)S(=O)(=O)NCc1ccc(cc1)C(=O)Nc1cccnc1
432,16,3,#NAME?,inf,#NAME?,inf,#NAME?,inf,-0.461,-0.00565,-0.038,1.04,0.727,1.038,15.284,654278,ML334 diastereomer,OC(=O)[C@@H]1CCCC[C@@H]1C(=O)N1CCc2ccccc2[C@H]1CN1C(=O)c2ccccc2C1=O
432,15,3,1.60E+00,3.1,-1.42E+00,-0.188,1.20E-01,0.429,2.35,-0.8029999999999999,0.726,0.27399999999999997,5.1,0.2813,12.312999999999999,657183,spautin-1,Fc1ccc(CNc2ncnc3ccc(F)cc23)cc1
432,15,3,-2.49E+10,24900000000.0,-1.31E+10,13100000000.0,-1.01E+06,1010000.0,-419.0,-11500.0,0.495,0.505,8.629999999999997e-127,0.7481,11.222000000000001,659226,VAF-347,FC(F)(F)c1ccc(Nc2nccc(n2)-c2cccc(Cl)c2)cc1
432,15,2,-7.87E+06,42900000.0,-6.65E+07,12200000.0,,,17500000.0,-27100000.0,1.0,0.0,0.0,0.6559999999999999,9.84,659371,BRD-A02303741,CC(C)N(CCCNC(=O)Nc1ccc(cc1)C(C)(C)C)C[C@H]1O[C@H](C(O)[C@H]1O)n1cnc2c(N)ncnc12
432,16,3,-9.26E+00,15.3,-5.70E+01,56.8,1.01E+00,1.21,3.02,-0.0995,-0.107,1.11,8.13,1.1068,15.323,659682,ML320,COc1ccccc1[C@H]1c2c(NC3=C1C(=O)CC(C)(C)C3)n[nH]c2C(F)(F)F
432,16,3,-4.46E+07,44600000.0,-8.98E+06,8980000.0,-1.34E+01,15.5,-612.0,-23.6,-0.0385,1.04,5.0899999999999985e-185,1.0385,15.577,659993,tigecycline,CN(C)[C@H]1[C@@H]2C[C@@H]3Cc4c(cc(NC(=O)CNC(C)(C)C)c(O)c4C(=O)C3C(=O)[C@]2(O)C(=O)C(C(N)=O)C1=O)N(C)C
432,16,3,-6.85E-02,7.38,-2.63E+00,0.26,-1.79E+00,1.41,3.66,-1.19,1.19,-0.192,12.6,0.0881,12.963,660073,PF-543,Cc1cc(CS(=O)(=O)c2ccccc2)cc(OCc2ccc(CN3CCC[C@@H]3CO)cc2)c1
432,16,3,1.83E+00,2.36,-7.04E-01,0.0638,4.42E-01,0.5539999999999999,2.09,-0.32,0.502,0.498,4.27,0.498,13.015999999999998,660075,PF-573228,CS(=O)(=O)c1cccc(CNc2nc(Nc3ccc4NC(=O)CCc4c3)ncc2C(F)(F)F)c1
432,13,2,3.68E+00,5.59,-3.73E+00,-1.4,,,4.63,-2.57,1.0,0.0,24.8,0.3651,12.432,660078,ceranib-2,COc1ccc(\C=C\C(=O)c2c(-c3ccccc3)c3ccccc3[nH]c2=O)cc1
432,16,3,-1.12E+05,112000.0,-1.38E+04,13800.0,1.02E+00,1.09,-13.8,-0.7140000000000001,-0.0552,1.06,6.850000000000001e-05,1.0552,15.828,660081,GSK4112,CC(C)(C)OC(=O)CN(Cc1ccc(s1)[N+]([O-])=O)Cc1ccc(Cl)cc1
432,15,3,-7.00E+08,700000000.0,-6.31E+07,63100000.0,-1.09E+04,10900.0,7.19,-0.0501,0.16899999999999998,0.8320000000000001,146.0,0.8315,14.824000000000002,660082,etomoxir,OC(=O)[C@@]1(CCCCCCOc2ccc(Cl)cc2)CO1
432,16,3,#NAME?,inf,#NAME?,inf,#NAME?,inf,-0.75,-0.0114,0.0121,0.988,0.595,0.9879,14.918,660083,HC-067047,Cc1c(cc(-c2ccccc2)n1CCCN1CCOCC1)C(=O)Nc1cccc(c1)C(F)(F)F
432,16,3,-1.23E+09,1230000000.0,-7.82E+08,782000000.0,-1.91E+03,1910.0,-2460.0,-818.0,-0.0284,1.03,0.0,1.0271,15.405999999999999,660084,IPR-456,CC1CC(C)CN(C1)c1cc(Nc2ccccc2C(O)=O)c2C(=O)c3ccccc3-c3onc1c23
432,16,3,-4.01E+06,4010000.0,-5.86E+05,586000.0,6.97E-01,1.33,-124.0,-5.01,-0.0153,1.02,3.77e-38,1.0153,15.229000000000001,660085,KH-CB19,CCOC(=O)c1c(C(=CN)C#N)c2ccc(Cl)c(Cl)c2n1C
432,16,2,2.31E+00,11.4,-4.34E+01,-14.9,,,6.85,-29.2,1.0,0.0,116.0,0.5068,8.5553,660086,leptomycin B,CCC(\C=C\[C@@H]1OC(=O)C=C[C@@H]1C)=C\[C@H](C)C\C=C\C(C)=C\[C@@H](C)C(=O)[C@@H](C)[C@H](O)[C@@H](C)C\C(C)=C\C(O)=O
432,16,3,#NAME?,inf,#NAME?,inf,#NAME?,inf,-0.784,-0.0126,0.0457,0.9540000000000001,0.581,0.9543,14.687999999999999,660087,AZ-3146,COc1cc(OC2CCN(C)CC2)ccc1Nc1ncc2n(C)c(=O)n(C3CCCC3)c2n1
432,16,3,#NAME?,inf,#NAME?,inf,#NAME?,inf,-1240000000.0,-15300000.0,-0.0544,1.05,0.0,1.0544,15.815999999999999,660119,VU0155056,O=C(NCCN1CCC(CC1)n1c2ccccc2[nH]c1=O)c1ccc2ccccc2c1
432,14,3,-3.60E+00,8.33,-3.10E+00,1.56,-1.27E+00,2.13,2.36,-0.768,0.57,0.43,5.14,0.5207,13.123,660129,JQ-1:UNC0638 (2:1 mol/mol),Cc1sc-2c(c1C)C(=N[C@@H](CC(=O)OC(C)(C)C)c1nnc(C)n-21)c1ccc(Cl)cc1.COc1cc2c(NC3CCN(CC3)C(C)C)nc(nc2cc1OCCCN1CCCC1)C1CCCCC1
432,12,3,-9.63E+09,9630000000.0,-5.51E+08,551000000.0,1.00E+00,1.07,-14.3,-0.139,-0.0351,1.04,5.07e-05,1.0351,15.527000000000001,660130,carboplatin:UNC0638 (2:1 mol/mol),O=C1O[Pt]OC(=O)C11CCC1.COc1cc2c(NC3CCN(CC3)C(C)C)nc(nc2cc1OCCCN1CCCC1)C1CCCCC1
432,14,3,2.42E+00,4.47,-1.54E+00,0.0596,-1.07E-01,0.327,3.45,-0.7390000000000001,0.89,0.11,10.9,0.1357,12.67,660131,vorinostat:carboplatin (1:1 mol/mol),O=C1O[Pt]OC(=O)C11CCC1.ONC(=O)CCCCCCC(=O)Nc1ccccc1
432,16,3,1.77E+00,3.1,-6.47E-01,0.127,-2.15E-01,0.276,2.43,-0.26,0.97,0.0305,5.4,0.0305,12.468,660132,serdemetan:SCH-529074 (1:1 mol/mol),C(Cc1c[nH]c2ccccc12)Nc1ccc(Nc2ccncc2)cc1.CN(C)CCCNc1nc(CN2CCN(CC2)C(c2ccc(Cl)cc2)c2ccc(Cl)cc2)nc2ccccc12
432,16,2,1.14E+00,4.45,-6.08E+00,-2.64,,,2.79,-4.36,1.0,0.0,6.93,0.4274,11.466,660134,sirolimus:bortezomib (250:1 mol/mol),CC(C)C[C@H](NC(=O)[C@H](Cc1ccccc1)NC(=O)c1cnccn1)B(O)O.CO[C@@H]1C[C@H](C[C@@H](C)[C@@H]2CC(=O)[C@H](C)\C=C(C)\[C@@H](O)[C@@H](OC)C(=O)[C@H](C)C[C@H](C)\C=C\C=C\C=C(C)\[C@H](C[C@@H]3CC[C@@H](C)[C@@](O)(O3)C(=O)C(=O)N3CCCC[C@H]3C(=O)O2)OC)CC[C@H]1O
432,16,3,-2.48E+00,-1.18,-1.54E+00,-0.429,1.76E-01,0.33399999999999996,-1.83,-0.9840000000000001,0.745,0.255,0.281,0.2552,9.1316,660135,BRD-K97651142,CN(CCc1cc(Br)c(OCCCNc2ncnc3n(C)cnc23)c(Br)c1)C(=O)c1ccc(C)cc1
432,16,3,#NAME?,inf,#NAME?,inf,#NAME?,inf,2.6,-0.00126,0.0683,0.932,6.08,0.9317,14.765,660136,vorapaxar,CCOC(=O)N[C@@H]1CC[C@@H]2[C@H](C[C@@H]3[C@@H]([C@@H](C)OC3=O)[C@H]2\C=C\c2ccc(cn2)-c2cccc(F)c2)C1
432,15,3,-5.19E+06,5190000.0,-6.57E+05,657000.0,3.17E-01,1.9,-127.0,-9.64,-0.109,1.11,5.7499999999999994e-39,1.1091,16.637,660137,Ch-55,CC(C)(C)c1cc(cc(c1)C(C)(C)C)C(=O)\C=C\c1ccc(cc1)C(O)=O
432,12,2,-7.28E+05,890000.0,-2.63E+05,215000.0,,,81000.0,-24000.0,1.0,0.0,0.0,0.9672,14.508,660139,BRD-K79669418,CC(C)C[C@@H]1NC(=O)[C@H](CCCNC(N)=N)NC(=O)[C@H](Cc2c[nH]c3ccccc23)NC(=O)[C@H](CC(C)C)NC(=O)[C@H](CC(N)=O)NC(=O)[C@@](C)(CCCCCC\C=C/CCC[C@](C)(NC(=O)[C@H](CC(C)C)NC1=O)C(=O)N[C@@H](CCC(N)=O)C(=O)N[C@@H](CC(N)=O)C(N)=O)NC(=O)[C@H](Cc1ccccc1)NC(=O)[C@@H](NC(=O)[C@H](CCC(N)=O)NC(=O)[C@H](CCC(N)=O)NC(=O)[C@H](CO)NC(=O)[C@H](CCC(N)=O)NC(C)=O)[C@@H](C)O
432,13,3,-5.40E+09,5400000000.0,-4.18E+07,41800000.0,-3.76E+07,37600000.0,-3080.0,633.0,4.92,-3.92,0.0,0.9628,14.436,660140,BRD-K99584050,CC[C@H](C)[C@H](NC(C)=O)C(=O)N[C@@H](Cc1c[nH]c2ccccc12)C(=O)N[C@@H]([C@@H](C)CC)C(=O)N[C@@H](C)C(=O)N[C@@H](CCC(N)=O)C(=O)N[C@@H](CCC(O)=O)C(=O)N[C@@H](CC(C)C)C(=O)N[C@@H](CCCNC(N)=N)C(=O)N[C@@]1(C)CCC\C=C/CCC[C@](C)(NC(=O)[C@H](CC(O)=O)NC(=O)CNC(=O)[C@@H](NC1=O)[C@@H](C)CC)C(=O)N[C@@H](Cc1ccccc1)C(=O)N[C@@H](CC(N)=O)C(=O)N[C@@H](C)C(=O)N[C@@H](Cc1ccc(O)cc1)C(=O)N[C@@H](Cc1ccc(O)cc1)C(=O)N[C@@H](C)C(=O)N[C@@H](CCCNC(N)=N)C(=O)N[C@@H](CCCNC(N)=N)C(N)=O
432,16,2,-1.57E+11,157000000000.0,-4.57E+09,4570000000.0,,,68.3,-1.6,1.0,0.0,3.56e+20,1.0,15.0,660145,BRD-A71883111,Fc1cccc(c1)N(C(C(=O)NC1CCCCC1)c1ccccc1Cl)C(=O)Cc1cccs1
432,16,3,-5.95E+01,37.0,-2.74E+01,25.6,8.21E-01,0.9540000000000001,-11.3,-0.898,0.11199999999999999,0.888,0.00040300000000000004,0.8876,13.334000000000001,660172,navitoclax:birinapant (1:1 mol/mol),CC[C@H](NC(=O)[C@H](C)NC)C(=O)N1C[C@@H](O)C[C@H]1Cc1c([nH]c2cc(F)ccc12)-c1cc2c(C[C@@H]3C[C@H](O)CN3C(=O)[C@H](CC)NC(=O)[C@H](C)NC)cc(F)cc2[nH]1.CC1(C)CCC(=C(CN2CCN(CC2)c2ccc(cc2)C(=O)NS(=O)(=O)c2ccc(N[C@H](CCN3CCOCC3)CSc3ccccc3)c(c2)S(=O)(=O)C(F)(F)F)C1)c1ccc(Cl)cc1
432,16,3,-3.74E-01,2.19,-1.98E+00,-0.17,-4.73E-01,0.31,0.907,-1.08,1.08,-0.0813,1.88,-0.0265,11.503,660173,ISOX:bortezomib (250:1 mol/mol),CC(C)C[C@H](NC(=O)[C@H](Cc1ccccc1)NC(=O)c1cnccn1)B(O)O.CC(C)(C)OC(=O)Nc1ccc(cc1)-c1cc(no1)C(=O)NCCCCCCC(=O)NO
432,16,3,-1.22E+00,-0.132,-1.67E+00,-0.742,-4.84E-02,0.11199999999999999,-0.6759999999999999,-1.2,0.968,0.032,0.626,0.0332,7.1757,660174,selumetinib:GDC-0941 (4:1 mol/mol),Cn1cnc2c(F)c(Nc3ccc(Br)cc3Cl)c(cc12)C(=O)NOCCO.CS(=O)(=O)N1CCN(Cc2cc3nc(nc(N4CCOCC4)c3s2)-c2cccc3[nH]ncc23)CC1
432,13,3,-6.10E+00,4.39,-6.46E+00,0.541,2.36E-01,0.818,-0.855,-2.96,0.473,0.527,0.5529999999999999,0.5615,11.048,660175,selumetinib:tretinoin (2:1 mol/mol),CC(=C/CO)\C=C\C=C(C)\C=C\C1=C(C)CCCC1(C)C.Cn1cnc2c(F)c(Nc3ccc(Br)cc3Cl)c(cc12)C(=O)NOCCO
432,15,3,-1.01E+01,3.32,-9.37E+00,3.08,-2.22E-01,0.772,-3.39,-3.15,0.725,0.275,0.0955,0.2994,7.7355,660176,selumetinib:vorinostat (8:1 mol/mol),ONC(=O)CCCCCCC(=O)Nc1ccccc1.Cn1cnc2c(F)c(Nc3ccc(Br)cc3Cl)c(cc12)C(=O)NOCCO
432,13,3,-3.20E+00,0.313,-3.32E+00,-0.784,-3.05E-01,0.23800000000000002,-1.44,-2.05,1.03,-0.0334,0.368,-0.0195,5.9278,660177,selumetinib:JQ-1 (4:1 mol/mol),Cn1cnc2c(F)c(Nc3ccc(Br)cc3Cl)c(cc12)C(=O)NOCCO.Cc1sc-2c(c1C)C(=N[C@@H](CC(=O)OC(C)(C)C)c1nnc(C)n-21)c1ccc(Cl)cc1
432,16,2,-1.51E+00,1.6,-8.80E+00,-3.99,,,0.0436,-6.4,1.0,0.0,1.03,0.2411,7.5708,660178,selumetinib:BRD-A02303741 (4:1 mol/mol),Cn1cnc2c(F)c(Nc3ccc(Br)cc3Cl)c(cc12)C(=O)NOCCO.CC(C)N(CCCNC(=O)Nc1ccc(cc1)C(C)(C)C)C[C@H]1O[C@H]([C@H](O)[C@@H]1O)n1ccc2c(N)ncnc12
432,16,3,-1.62E+02,160.0,-5.87E+01,58.6,8.62E-01,1.17,-1.01,-0.085,-0.0165,1.02,0.498,1.0165,15.122,660179,tretinoin:navitoclax (4:1 mol/mol),CC(=C/CO)\C=C\C=C(C)\C=C\C1=C(C)CCCC1(C)C.CC1(C)CCC(=C(CN2CCN(CC2)c2ccc(cc2)C(=O)NS(=O)(=O)c2ccc(N[C@H](CCN3CCOCC3)CSc3ccccc3)c(c2)S(=O)(=O)C(F)(F)F)C1)c1ccc(Cl)cc1
432,14,3,-2.11E+00,5.35,-3.88E+00,1.66,5.36E-01,0.995,1.62,-1.11,0.23399999999999999,0.7659999999999999,3.07,0.7718,14.05,660180,decitabine:navitoclax (2:1 mol/mol),Nc1ncn([C@H]2C[C@H](O)[C@@H](CO)O2)c(=O)n1.CC1(C)CCC(=C(CN2CCN(CC2)c2ccc(cc2)C(=O)NS(=O)(=O)c2ccc(N[C@H](CCN3CCOCC3)CSc3ccccc3)c(c2)S(=O)(=O)C(F)(F)F)C1)c1ccc(Cl)cc1
432,13,3,#NAME?,inf,#NAME?,inf,#NAME?,inf,-6.54,-0.0226,-0.0767,1.08,0.0107,1.0767,16.011,660181,tretinoin:carboplatin (2:1 mol/mol),O=C1O[Pt]OC(=O)C11CCC1.CC(\C=C\C=C(C)\C=C\C1=C(C)CCCC1(C)C)=C/CO
432,16,3,-3.34E+00,1.55,-3.56E+00,0.387,1.08E+00,1.18,-0.894,-1.58,-0.13,1.13,0.5379999999999999,1.1288,15.905999999999999,660201,necrostatin-7,Fc1ccc(cc1)-c1n[nH]cc1C=C1SC(=N)N(C1=O)c1nccs1
432,16,3,-6.49E+02,645.0,-4.87E+02,486.0,9.52E-01,1.05,-1.75,-0.244,-0.000337,1.0,0.297,1.0003,15.003,660202,PYR-41,CCOC(=O)c1ccc(cc1)N1NC(=O)C(=Cc2ccc(o2)[N+]([O-])=O)C1=O
432,16,3,-4.60E-01,1.84,-2.17E+00,-0.349,3.95E-01,0.617,0.69,-1.26,0.494,0.506,1.61,0.5127,12.345,660206,I-BET151,COc1cc2c3n([C@H](C)c4ccccn4)c(=O)[nH]c3cnc2cc1-c1c(C)noc1C
432,16,3,4.34E+00,4.99,-6.54E-01,-0.201,2.66E-01,0.5,4.67,-0.42700000000000005,0.617,0.38299999999999995,25.4,0.406,14.139000000000001,660207,lomeguatrib,Nc1nc(OCc2cc(Br)cs2)c2[nH]cnc2n1
432,16,3,-4.81E+00,-0.32799999999999996,-4.22E+00,-1.05,-3.75E-01,0.21600000000000003,-2.57,-2.64,1.08,-0.0795,0.168,-0.0227,6.794,660216,tanespimycin:gemcitabine (1:1 mol/mol),Nc1ccn([C@@H]2O[C@H](CO)[C@@H](O)C2(F)F)c(=O)n1.CO[C@H]1C[C@H](C)CC2=C(NCC=C)C(=O)C=C(NC(=O)\C(C)=C\C=C/[C@H](OC)[C@@H](OC(N)=O)\C(C)=C\[C@H](C)[C@H]1O)C2=O
432,16,3,-5.53E+00,1.06,-6.00E+00,-1.84,-5.18E-01,0.225,-2.24,-3.92,1.15,-0.147,0.212,-0.011000000000000001,6.0752,660217,docetaxel:tanespimycin (2:1 mol/mol),CO[C@H]1C[C@H](C)CC2=C(NCC=C)C(=O)C=C(NC(=O)\C(C)=C\C=C/[C@H](OC)[C@@H](OC(N)=O)\C(C)=C\[C@H](C)[C@H]1O)C2=O.CC(=O)O[C@@]12CO[C@@H]1C[C@H](O)[C@]1(C)C2[C@H](OC(=O)c2ccccc2)[C@]2(O)C[C@H](OC(=O)[C@H](O)[C@@H](NC(=O)OC(C)(C)C)c3ccccc3)C(C)=C([C@@H](O)C1=O)C2(C)C
432,15,3,-6.20E+00,0.9179999999999999,-4.86E+00,1.14,3.61E-02,0.627,-2.64,-1.86,0.669,0.331,0.161,0.3347,8.4726,660218,selumetinib:MK-2206 (8:1 mol/mol),Cn1cnc2c(F)c(Nc3ccc(Br)cc3Cl)c(cc12)C(=O)NOCCO.NC1(CCC1)c1ccc(cc1)-c1nc2ccn3c(n[nH]c3=O)c2cc1-c1ccccc1
432,16,3,-2.79E+00,0.5429999999999999,-2.64E+00,1.51,7.35E-01,0.915,-1.12,-0.565,0.175,0.825,0.45899999999999996,0.8249,13.92,660219,navitoclax:PLX-4032 (1:1 mol/mol),CCCS(=O)(=O)Nc1ccc(F)c(C(=O)c2c[nH]c3ncc(cc23)-c2ccc(Cl)cc2)c1F.CC1(C)CCC(=C(CN2CCN(CC2)c2ccc(cc2)C(=O)NS(=O)(=O)c2ccc(N[C@H](CCN3CCOCC3)CSc3ccccc3)c(c2)S(=O)(=O)C(F)(F)F)C1)c1ccc(Cl)cc1
432,15,3,-4.72E+09,4720000000.0,-2.95E+08,295000000.0,2.60E-01,0.8909999999999999,2.35,-0.0406,0.425,0.5760000000000001,5.11,0.5755,12.93,660220,selumetinib:piperlongumine (8:1 mol/mol),COc1cc(\C=C\C(=O)N2CCC=CC2=O)cc(OC)c1OC.Cn1cnc2c(F)c(Nc3ccc(Br)cc3Cl)c(cc12)C(=O)NOCCO
432,16,3,1.52E+00,6.08,-1.85E+00,1.46,2.50E-01,0.879,3.8,-0.196,0.435,0.565,13.9,0.5653,14.457,660222,navitoclax:MST-312 (1:1 mol/mol),Oc1cccc(C(=O)Nc2cccc(NC(=O)c3cccc(O)c3O)c2)c1O.CC1(C)CCC(=C(CN2CCN(CC2)c2ccc(cc2)C(=O)NS(=O)(=O)c2ccc(N[C@H](CCN3CCOCC3)CSc3ccccc3)c(c2)S(=O)(=O)C(F)(F)F)C1)c1ccc(Cl)cc1
432,16,3,-5.73E+17,5.73e+17,-7.14E+16,7.14e+16,8.10E-01,1.01,-0.20800000000000002,-0.019,0.0891,0.9109999999999999,0.866,0.9109,14.484000000000002,660223,carboplatin:etoposide (40:17 mol/mol),O=C1O[Pt]OC(=O)C11CCC1.COc1cc(cc(OC)c1O)[C@H]1[C@@H]2[C@H](COC2=O)[C@H](O[C@@H]2O[C@@H]3CO[C@@H](C)O[C@H]3[C@H](O)[C@H]2O)c2cc3OCOc3cc12
432,16,3,-8.10E+04,81000.0,-8.39E+05,839000.0,-9.95E-02,0.39899999999999997,4.05,-0.0503,0.851,0.15,16.6,0.1495,14.154000000000002,660224,piperlongumine:MST-312 (1:1 mol/mol),COc1cc(\C=C\C(=O)N2CCC=CC2=O)cc(OC)c1OC.Oc1cccc(C(=O)Nc2cccc(NC(=O)c3cccc(O)c3O)c2)c1O
432,13,2,7.63E-01,4.64,-6.43E+00,-2.86,,,2.7,-4.65,1.0,0.0,6.5,0.376,10.757,660225,navitoclax:gemcitabine (1:1 mol/mol),Nc1ccn([C@@H]2O[C@H](CO)[C@@H](O)C2(F)F)c(=O)n1.CC1(C)CCC(=C(CN2CCN(CC2)c2ccc(cc2)C(=O)NS(=O)(=O)c2ccc(N[C@H](CCN3CCOCC3)CSc3ccccc3)c(c2)S(=O)(=O)C(F)(F)F)C1)c1ccc(Cl)cc1
432,11,3,-4.69E+07,46900000.0,-5.33E+06,5330000.0,1.28E-01,1.99,-215.0,-16.4,-0.0606,1.06,1.73e-65,1.0606,15.909,660227,JW-480,CC(C)c1ccccc1OC(=O)NCCc1ccc2ccccc2c1
432,15,3,-8.15E+00,-5.33,-2.36E+00,0.24,8.06E-01,0.8640000000000001,-6.74,-1.06,0.165,0.835,0.00935,0.8351,12.912,660228,BMS-195614,CC1(C)CC=C(c2cnc3ccccc3c2)c2cc(ccc12)C(=O)Nc1ccc(cc1)C(O)=O
432,16,3,-2.98E+05,298000.0,-4.88E+04,48800.0,9.02E-01,1.13,-48.7,-3.13,-0.0175,1.02,2.2199999999999998e-15,1.0175,15.263,660229,BRD-K07442505,CCOc1ccccc1N\N=C1C(=O)N(N=C\1C)c1nc(cs1)-c1ccccc1
432,15,3,#NAME?,inf,#NAME?,inf,#NAME?,inf,-584.0,-18.4,-0.0632,1.06,1.2499999999999996e-176,1.0632,15.947000000000001,660230,BRD-K35604418,Cc1cs\c(=N/C2CCCCC2)n1\N=C\c1ccc(O)c(O)c1O
432,16,3,6.16E-01,1.98,-8.15E-01,0.325,-1.91E-01,0.23600000000000002,1.3,-0.245,0.978,0.0225,2.46,0.0225,11.338,660238,SB-743921,CC(C)[C@H](N(CCCN)C(=O)c1ccc(C)cc1)c1oc2cc(Cl)ccc2c(=O)c1Cc1ccccc1
432,16,3,8.10E-01,2.08,-1.07E+00,0.00031,6.26E-01,0.7390000000000001,1.45,-0.5329999999999999,0.318,0.682,2.73,0.6825,13.54,660245,GSK525762A,CCNC(=O)C[C@@H]1N=C(c2ccc(Cl)cc2)c2cc(OC)ccc2-n2c(C)nnc12
432,16,3,-5.08E-01,0.127,-4.88E-01,0.0277,-3.51E-02,0.11599999999999999,-0.19,-0.23,0.96,0.0402,0.8759999999999999,0.0402,9.9756,660246,navitoclax:pluripotin (1:1 mol/mol),CN1C(=O)N(Cc2cnc(Nc3cc(C)nn3C)nc12)c1cc(NC(=O)c2cccc(c2)C(F)(F)F)ccc1C.CC1(C)CCC(=C(CN2CCN(CC2)c2ccc(cc2)C(=O)NS(=O)(=O)c2ccc(N[C@H](CCN3CCOCC3)CSc3ccccc3)c(c2)S(=O)(=O)C(F)(F)F)C1)c1ccc(Cl)cc1
432,16,3,-6.99E-02,3.14,-1.80E+00,0.8140000000000001,5.44E-01,0.8290000000000001,1.54,-0.49200000000000005,0.314,0.6859999999999999,2.9,0.6864,13.585,660247,JQ-1:carboplatin (1:1 mol/mol),O=C1O[Pt]OC(=O)C11CCC1.Cc1sc-2c(c1C)C(=N[C@@H](CC(=O)OC(C)(C)C)c1nnc(C)n-21)c1ccc(Cl)cc1
432,13,3,-9.66E-01,4.73,-4.01E+00,-0.5329999999999999,-5.91E-01,0.391,1.88,-2.27,1.1,-0.1,3.69,-0.0046,8.9284,660248,selumetinib:navitoclax (8:1 mol/mol),Cn1cnc2c(F)c(Nc3ccc(Br)cc3Cl)c(cc12)C(=O)NOCCO.CC1(C)CCC(=C(CN2CCN(CC2)c2ccc(cc2)C(=O)NS(=O)(=O)c2ccc(N[C@H](CCN3CCOCC3)CSc3ccccc3)c(c2)S(=O)(=O)C(F)(F)F)C1)c1ccc(Cl)cc1
432,16,3,-4.37E+00,0.768,-3.13E+00,1.29,2.53E-01,0.669,-1.8,-0.9179999999999999,0.539,0.461,0.287,0.4611,10.037,660249,selumetinib:decitabine (4:1 mol/mol),Nc1ncn([C@H]2C[C@H](O)[C@@H](CO)O2)c(=O)n1.Cn1cnc2c(F)c(Nc3ccc(Br)cc3Cl)c(cc12)C(=O)NOCCO
432,16,2,8.53E+00,16.3,-6.89E+00,-2.83,,,12.4,-4.86,1.0,0.0,5470.0,0.7875,13.901,660250,decitabine:carboplatin (1:1 mol/mol),O=C1O[Pt]OC(=O)C11CCC1.Nc1ncn([C@H]2C[C@H](O)[C@@H](CO)O2)c(=O)n1
432,16,3,-5.66E+00,-2.57,-1.22E+00,0.971,8.40E-02,0.243,-4.12,-0.125,0.8370000000000001,0.163,0.0576,0.1633,8.1357,660251,SNX-2112:bortezomib (250:1 mol/mol),CC(C)C[C@H](NC(=O)[C@H](Cc1ccccc1)NC(=O)c1cnccn1)B(O)O.CC1(C)Cc2c(c(nn2-c2ccc(C(N)=O)c(N[C@H]3CC[C@H](O)CC3)c2)C(F)(F)F)C(=O)C1
432,15,3,#NAME?,inf,#NAME?,inf,#NAME?,inf,0.617,-0.0206,0.259,0.741,1.53,0.7411,13.699000000000002,660252,JQ-1:navitoclax (2:1 mol/mol),Cc1sc-2c(c1C)C(=N[C@@H](CC(=O)OC(C)(C)C)c1nnc(C)n-21)c1ccc(Cl)cc1.CC1(C)CCC(=C(CN2CCN(CC2)c2ccc(cc2)C(=O)NS(=O)(=O)c2ccc(N[C@H](CCN3CCOCC3)CSc3ccccc3)c(c2)S(=O)(=O)C(F)(F)F)C1)c1ccc(Cl)cc1
432,16,3,5.89E-01,1.74,-1.04E+00,0.382,5.61E-01,0.706,1.17,-0.32799999999999996,0.36700000000000005,0.634,2.24,0.6335,13.212,660253,JQ-1:MK-0752 (1:1 mol/mol),OC(=O)CC[C@H]1CC[C@@](CC1)(c1cc(F)ccc1F)S(=O)(=O)c1ccc(Cl)cc1.Cc1sc-2c(c1C)C(=N[C@@H](CC(=O)OC(C)(C)C)c1nnc(C)n-21)c1ccc(Cl)cc1
432,16,3,-3.03E+02,271.0,-1.97E+01,28.2,-2.33E+01,24.3,-15.8,4.26,0.502,0.498,1.7e-05,0.9968,14.591,660268,BRD-A02303741:navitoclax (2:1 mol/mol),CC(C)N(CCCNC(=O)Nc1ccc(cc1)C(C)(C)C)C[C@H]1O[C@H]([C@H](O)[C@@H]1O)n1ccc2c(N)ncnc12.CC1(C)CCC(=C(CN2CCN(CC2)c2ccc(cc2)C(=O)NS(=O)(=O)c2ccc(N[C@H](CCN3CCOCC3)CSc3ccccc3)c(c2)S(=O)(=O)C(F)(F)F)C1)c1ccc(Cl)cc1
432,15,3,-1.22E+13,12200000000000.0,-1.72E+12,1720000000000.0,-1.68E+04,16800.0,-29300.0,-256.0,-0.0614,1.06,0.0,1.0614,15.921,660269,salermide:PLX-4032 (12:1 mol/mol),CC(C(=O)Nc1cccc(c1)\N=C\c1c(O)ccc2ccccc12)c1ccccc1.CCCS(=O)(=O)Nc1ccc(F)c(C(=O)c2c[nH]c3ncc(cc23)-c2ccc(Cl)cc2)c1F
432,14,3,#NAME?,inf,#NAME?,inf,#NAME?,inf,-465.0,-5.29,0.0377,0.9620000000000001,1.2799999999999996e-140,0.9623,14.435,660270,UNC0638:navitoclax (1:1 mol/mol),COc1cc2c(NC3CCN(CC3)C(C)C)nc(nc2cc1OCCCN1CCCC1)C1CCCCC1.CC1(C)CCC(=C(CN2CCN(CC2)c2ccc(cc2)C(=O)NS(=O)(=O)c2ccc(N[C@H](CCN3CCOCC3)CSc3ccccc3)c(c2)S(=O)(=O)C(F)(F)F)C1)c1ccc(Cl)cc1
432,15,3,-1.46E+08,146000000.0,-2.87E+07,28700000.0,-5.05E+01,52.4,-640.0,-76.2,0.0702,0.93,3.2099999999999984e-193,0.9298,13.948,660271,BRD-A02303741:carboplatin (1:1 mol/mol),O=C1O[Pt]OC(=O)C11CCC1.CC(C)N(CCCNC(=O)Nc1ccc(cc1)C(C)(C)C)C[C@H]1O[C@H]([C@H](O)[C@@H]1O)n1ccc2c(N)ncnc12
432,14,3,-2.52E+00,7.93,-5.56E+00,-0.873,-1.02E+00,0.5920000000000001,2.7,-3.22,1.21,-0.212,6.51,0.0178,8.639,660281,selumetinib:UNC0638 (4:1 mol/mol),Cn1cnc2c(F)c(Nc3ccc(Br)cc3Cl)c(cc12)C(=O)NOCCO.COc1cc2c(NC3CCN(CC3)C(C)C)nc(nc2cc1OCCCN1CCCC1)C1CCCCC1
432,12,3,#NAME?,inf,#NAME?,inf,#NAME?,inf,-1.59,-0.0010199999999999999,0.115,0.885,0.331,0.885,14.167,660282,alisertib:navitoclax (2:1 mol/mol),COc1cc(Nc2ncc3CN=C(c4cc(Cl)ccc4-c3n2)c2c(F)cccc2OC)ccc1C(O)=O.CC1(C)CCC(=C(CN2CCN(CC2)c2ccc(cc2)C(=O)NS(=O)(=O)c2ccc(N[C@H](CCN3CCOCC3)CSc3ccccc3)c(c2)S(=O)(=O)C(F)(F)F)C1)c1ccc(Cl)cc1
432,16,3,-3.25E+01,24.3,-1.52E+01,15.0,8.62E-01,1.05,-4.08,-0.134,0.0459,0.9540000000000001,0.0592,0.9541,14.554,660283,navitoclax:sorafenib (1:1 mol/mol),CNC(=O)c1cc(Oc2ccc(NC(=O)Nc3ccc(Cl)c(c3)C(F)(F)F)cc2)ccn1.CC1(C)CCC(=C(CN2CCN(CC2)c2ccc(cc2)C(=O)NS(=O)(=O)c2ccc(N[C@H](CCN3CCOCC3)CSc3ccccc3)c(c2)S(=O)(=O)C(F)(F)F)C1)c1ccc(Cl)cc1
432,14,3,-7.45E+00,15.6,-2.50E+01,24.6,-7.52E+00,8.21,4.09,-0.218,0.6579999999999999,0.342,17.0,0.35,14.37,660284,navitoclax:piperlongumine (1:1 mol/mol),COc1cc(\C=C\C(=O)N2CCC=CC2=O)cc(OC)c1OC.CC1(C)CCC(=C(CN2CCN(CC2)c2ccc(cc2)C(=O)NS(=O)(=O)c2ccc(N[C@H](CCN3CCOCC3)CSc3ccccc3)c(c2)S(=O)(=O)C(F)(F)F)C1)c1ccc(Cl)cc1
432,16,3,-1.10E+00,1.21,-3.82E+01,38.1,8.36E-01,0.96,0.0517,-0.0569,0.102,0.898,1.04,0.8982,14.39,660286,SMER-3,O=C1c2ccccc2-c2nc3nonc3nc12
432,15,3,#NAME?,inf,#NAME?,inf,#NAME?,inf,-8100.0,5.25,42.7,-41.7,0.0,1.0,15.0,660288,clofarabine,Nc1nc(Cl)nc2n(cnc12)[C@@H]1O[C@H](CO)[C@@H](O)[C@@H]1F
432,14,3,7.22E-01,3.28,-2.13E+00,-0.48,-3.52E-01,0.275,2.0,-1.31,1.04,-0.0386,4.0,0.0526,11.710999999999999,660301,vorinostat:navitoclax (4:1 mol/mol),ONC(=O)CCCCCCC(=O)Nc1ccccc1.CC1(C)CCC(=C(CN2CCN(CC2)c2ccc(cc2)C(=O)NS(=O)(=O)c2ccc(N[C@H](CCN3CCOCC3)CSc3ccccc3)c(c2)S(=O)(=O)C(F)(F)F)C1)c1ccc(Cl)cc1
432,16,2,-6.76E+04,67600.0,-7.06E+03,7050.0,,,27.0,-1.6,1.0,0.0,130000000.0,1.0,15.0,660304,XL765,COc1cc(Nc2nc3ccccc3nc2NS(=O)(=O)c2ccc(NC(=O)c3ccc(C)c(OC)c3)cc2)cc(OC)c1
432,15,3,-8.00E+00,-2.2,-3.28E+00,2.49,1.02E+00,1.09,-5.1,-0.396,-0.0544,1.05,0.0292,1.0544,15.606,660314,ML258,COc1ccc(CN2c3nnnn3C3C(C2=O)C2(CCCC2)Cc2ccccc32)cc1
432,16,3,-1.56E+01,-0.596,-1.24E+01,5.68,1.03E+00,1.1,-8.08,-3.36,-0.0625,1.06,0.0036899999999999997,1.0616,15.765999999999998,660317,SR1001,CC(=O)Nc1nc(C)c(s1)S(=O)(=O)Nc1ccc(cc1)C(O)(C(F)(F)F)C(F)(F)F
432,16,3,-1.87E+00,0.971,-1.68E+00,0.6859999999999999,-3.29E-02,0.478,-0.44799999999999995,-0.499,0.778,0.222,0.733,0.2224,9.9514,660318,bardoxolone methyl,COC(=O)[C@@]12CCC(C)(C)C[C@@H]1[C@@H]1C(=O)C=C3[C@]4(C)C=C(C#N)C(=O)C(C)(C)[C@H]4CC[C@]3(C)[C@@]1(C)CC2
432,16,3,-4.44E+01,44.4,-1.39E+02,138.0,8.38E-01,1.01,0.0172,-0.11599999999999999,0.0767,0.9229999999999999,1.01,0.9234,14.538,660319,elocalcitol,CCC(O)(CC)\C=C\CC(C)C1=CC[C@@H]2[C@]1(C)CCC\C2=C/C=C1/C[C@@H](O)C[C@H](F)C1=C
432,15,3,-1.91E+01,10.8,-1.63E+01,5.71,9.77E-01,1.23,-4.16,-5.29,-0.10400000000000001,1.1,0.0558,1.0883,15.947000000000001,660321,BMS-270394,CC1(C)CCC(C)(C)c2cc(ccc12)[C@@H](O)C(=O)Nc1ccc(cc1F)C(O)=O
432,16,3,-1.23E+01,24.3,-3.80E+00,3.0,-2.23E+01,22.3,6.02,-0.4,0.972,0.0278,65.1,0.4956,14.72,660322,fluvastatin,CC(C)N1C(\C=C\C(O)CC(O)CC(O)=O)C(c2ccccc12)c1ccc(F)cc1
432,16,3,1.57E+00,4.09,-2.03E+00,-0.268,-2.82E-01,0.371,2.83,-1.15,0.956,0.0444,7.11,0.0987,11.864,660325,AZD4547,COc1cc(CCc2cc(NC(=O)c3ccc(cc3)N3C[C@H](C)N[C@H](C)C3)n[nH]2)cc(OC)c1
432,14,3,#NAME?,inf,#NAME?,inf,#NAME?,inf,-146.0,-0.895,0.15,0.85,1.31e-44,0.85,12.75,660327,hyperforin,CC(C)C(=O)[C@@]12C(=O)C(CC=C(C)C)C(=O)C(CC=C(C)C)(C[C@H](CC=C(C)C)[C@@]1(C)CCC=C(C)C)C2=O
432,14,3,2.75E+00,3.51,-8.38E-01,-0.145,6.50E-02,0.303,3.13,-0.49200000000000005,0.816,0.184,8.74,0.1861,12.619000000000002,660331,NVP-231,O=C(Nc1nc2ccc(NC(=O)C34C[C@H]5C[C@H](C[C@H](C5)C3)C4)cc2s1)c1ccccc1
432,16,2,-1.75E+08,175000000.0,-9.94E+06,9940000.0,,,17.2,-0.515,1.0,0.0,153000.0,1.0,15.0,660332,MK-0752,OC(=O)CC[C@H]1CC[C@@](CC1)(c1cc(F)ccc1F)S(=O)(=O)c1ccc(Cl)cc1
432,14,3,-5.40E+00,-0.154,-2.97E+00,2.51,8.62E-01,0.97,-2.78,-0.22899999999999998,0.0839,0.9159999999999999,0.146,0.9162,14.26,660341,semagacestat,CC(C)[C@H](O)C(=O)N[C@@H](C)C(=O)N[C@H]1c2ccccc2CCN(C)C1=O
432,16,3,4.71E-01,2.94,-1.54E+00,0.5760000000000001,1.85E-01,0.622,1.71,-0.48,0.597,0.40399999999999997,3.26,0.4035,12.412,660346,bosutinib,COc1cc(Nc2cc(nc3cc(OCCCN4CCN(C)CC4)c(OC)cc23)C#N)c(Cl)cc1Cl
432,15,3,-7.74E+00,-5.37,-2.56E+00,-0.263,7.49E-01,0.809,-6.56,-1.41,0.221,0.779,0.0106,0.7786,12.263,660358,temsirolimus,CO[C@@H]1C[C@H](C[C@@H](C)[C@@H]2CC(=O)[C@H](C)\C=C(C)\[C@@H](O)[C@@H](OC)C(=O)[C@H](C)C[C@H](C)\C=C\C=C\C=C(C)\[C@H](C[C@@H]3CC[C@@H](C)[C@@](O)(O3)C(=O)C(=O)N3CCCC[C@H]3C(=O)O2)OC)CC[C@H]1OC(=O)C(C)(CO)CO
432,16,3,#NAME?,inf,#NAME?,inf,#NAME?,inf,-6.18,0.00209,-0.007259999999999999,1.01,0.0138,1.0,15.034,660363,abiraterone,C[C@]12CC[C@H]3[C@@H](CC=C4C[C@@H](O)CC[C@]34C)[C@@H]1CC=C2c1cccnc1
432,16,2,-1.06E+04,10600.0,-1.24E+03,1240.0,,,12.4,-0.9059999999999999,1.0,0.0,5270.0,0.9991,14.999,660391,nelarabine,COc1nc(N)nc2n(cnc12)[C@@H]1O[C@H](CO)[C@@H](O)[C@@H]1O
432,16,3,-4.44E+13,44400000000000.0,-1.62E+14,162000000000000.0,7.41E-01,0.7829999999999999,-5.94,-0.0119,0.23800000000000002,0.762,0.0163,0.762,12.147,660397,rigosertib,COc1cc(OC)c(\C=C\S(=O)(=O)Cc2ccc(OC)c(NCC(O)=O)c2)c(OC)c1
432,16,3,2.92E+00,5.06,-1.63E+00,-0.311,-5.50E-01,0.297,3.99,-0.971,1.13,-0.127,15.9,-0.0063,12.562999999999999,660409,AT7867,Clc1ccc(cc1)C1(CCNCC1)c1ccc(cc1)-c1cn[nH]c1
432,16,3,-3.04E+00,-0.94,-2.51E+00,-0.787,6.99E-02,0.308,-1.99,-1.65,0.8109999999999999,0.18899999999999997,0.252,0.195,8.4918,660410,PD318088,OCC(O)CONC(=O)c1cc(Br)c(F)c(F)c1Nc1ccc(I)cc1F
432,15,3,#NAME?,inf,#NAME?,inf,#NAME?,inf,1.03,-0.0284,0.27399999999999997,0.726,2.05,0.726,13.627,660411,KU-60019,C[C@H]1CN(CC(=O)Nc2ccc3Sc4c(Cc3c2)cccc4-c2cc(=O)cc(o2)N2CCOCC2)C[C@@H](C)O1
432,16,3,-1.54E+07,15400000.0,-1.30E+06,1300000.0,1.03E+00,1.14,-60.9,-2.09,-0.0848,1.09,4.670000000000001e-19,1.0848,16.271,660412,BIRB-796,Cc1ccc(cc1)-n1nc(cc1NC(=O)Nc1ccc(OCCN2CCOCC2)c2ccccc12)C(C)(C)C
432,16,3,2.13E+00,7.16,-2.36E+00,-0.359,-1.36E+00,0.723,4.64,-1.36,1.32,-0.316,25.0,0.0278,12.612,660413,KW-2449,O=C(N1CCNCC1)c1ccc(cc1)\C=C\c1n[nH]c2ccccc12
432,16,3,-3.74E+01,34.6,-5.73E+00,5.59,1.06E+00,1.14,-1.43,-0.0682,-0.0966,1.1,0.37200000000000005,1.0966,15.722000000000001,660421,silmitasertib,OC(=O)c1ccc2c(c1)nc(Nc1cccc(Cl)c1)c1ccncc21
432,12,3,-2.71E+08,271000000.0,-4.34E+08,434000000.0,-1.16E+04,11600.0,-1200.0,-1320.0,0.051,0.9490000000000001,0.0,0.9636,14.455,660424,BRD-K03911514,CCCC[C@H](NC(=O)[C@H](CCCNC(N)=N)NC(=O)[C@H](CCC(N)=O)NC(=O)[C@@H](NC(=O)[C@]1(C)CCC\C=C/CCC[C@](C)(NC(=O)[C@H](CC(C)C)NC(=O)[C@H](CO)NC(=O)[C@H](CCCNC(N)=N)NC(=O)[C@H](CCC(O)=O)NC(=O)[C@H](CCCNC(N)=N)NC(=O)[C@H](Cc2cnc[nH]2)NC(=O)[C@H](CCC(O)=O)NC(=O)[C@H](CC(C)C)NC(=O)[C@H](CCC(N)=O)NC(=O)[C@H](CCC(O)=O)NC(=O)[C@H](CCC(N)=O)NC(=O)[C@H](CO)NC(=O)[C@H](CC(C)C)NC(C)=O)C(=O)N[C@@H]([C@@H](C)O)C(=O)N[C@@H](CC(C)C)C(=O)N[C@@H](CCCNC(N)=N)C(=O)N1)[C@@H](C)CC)C(=O)N[C@@H](CC(C)C)C(=O)N[C@@H](Cc1ccccc1)C(N)=O
432,15,3,-3.43E+01,36.8,-2.57E+01,25.4,3.32E-01,0.525,1.25,-0.14,0.5720000000000001,0.428,2.38,0.4281,12.257,660429,momelotinib,O=C(NCC#N)c1ccc(cc1)-c1ccnc(Nc2ccc(cc2)N2CCOCC2)n1
432,16,3,-1.03E+08,103000000.0,-1.32E+07,13200000.0,8.05E-01,1.08,0.44,-0.0191,0.0562,0.9440000000000001,1.36,0.9438,14.685,660430,CAL-101,CC[C@H](Nc1ncnc2[nH]cnc12)c1nc2cccc(F)c2c(=O)n1-c1ccccc1
432,15,3,#NAME?,inf,#NAME?,inf,#NAME?,inf,-1.84,-0.0133,0.149,0.851,0.28,0.8507,13.824000000000002,660432,WP1130,CCC[C@H](NC(=O)C(=C\c1cccc(Br)n1)\C#N)c1ccccc1
432,16,3,-1.31E+00,4.9,-4.01E+00,-0.937,-1.55E-02,0.645,1.8,-2.47,0.685,0.315,3.48,0.4189,11.833,660433,OSI-027,COc1cccc2cc([nH]c12)-c1nc([C@H]2CC[C@@H](CC2)C(O)=O)n2ncnc(N)c12
432,16,2,-2.27E+00,6.03,-1.10E+01,-0.33,,,1.88,-5.67,1.0,0.0,3.68,0.3237,9.3971,660434,NVP-BSK805,Fc1cc(cc(F)c1CN1CCOCC1)-c1cccc2ncc(nc12)-c1cnn(c1)C1CCNCC1
432,14,3,-7.55E+01,81.8,-1.14E+02,104.0,8.29E-01,1.17,3.16,-4.98,0.0022,0.998,8.94,0.9989,14.99,660768,erlotinib:PLX-4032 (2:1 mol/mol),COCCOc1cc2ncnc(Nc3cccc(c3)C#C)c2cc1OCCOC.CCCS(=O)(=O)Nc1ccc(F)c(C(=O)c2c[nH]c3ncc(cc23)-c2ccc(Cl)cc2)c1F
432,16,3,1.18E+00,3.71,-1.90E+00,0.106,2.09E-01,0.623,2.45,-0.899,0.584,0.41600000000000004,5.45,0.426,12.889000000000001,660774,PIK-93,CC(=O)Nc1nc(C)c(s1)-c1ccc(Cl)c(c1)S(=O)(=O)NCCO
432,16,3,-2.16E+00,3.26,-4.48E+00,-1.67,-6.28E-01,0.195,0.5489999999999999,-3.07,1.22,-0.217,1.46,-0.0427,7.9016,660777,AZD7762,NC(=O)Nc1cc(sc1C(=O)N[C@H]1CCCNC1)-c1cccc(F)c1
432,16,3,-4.92E+08,492000000.0,-2.50E+08,250000000.0,-1.53E+04,15300.0,-36.5,-9180.0,-0.0713,1.07,1.0300000000000001e-11,1.0357,15.536,660778,birinapant,CC[C@H](NC(=O)[C@H](C)NC)C(=O)N1C[C@@H](O)C[C@H]1Cc1c([nH]c2cc(F)ccc12)-c1cc2c(C[C@@H]3C[C@H](O)CN3C(=O)[C@H](CC)NC(=O)[C@H](C)NC)cc(F)cc2[nH]1
432,15,3,-4.81E+03,4800.0,-7.07E+02,707.0,6.74E-01,0.773,-3.33,-0.0434,0.276,0.7240000000000001,0.0995,0.7237,12.41,660779,KX2-391,O=C(Cc1ccc(cn1)-c1ccc(OCCN2CCOCC2)cc1)NCc1ccccc1
432,11,3,7.14E-02,2.12,-9.56E-01,-0.0208,4.71E-01,0.703,1.09,-0.488,0.413,0.5870000000000001,2.13,0.5943,12.955,660796,3-Cl-AHPC,OC(=O)\C=C\c1ccc(c(Cl)c1)-c1ccc(O)c(c1)C12C[C@H]3C[C@H](C[C@H](C3)C1)C2
432,16,3,#NAME?,inf,#NAME?,inf,#NAME?,inf,-167.0,-5.17,-0.045,1.05,6.86e-51,1.045,15.675,660798,BRD-K27188169,CC(C)C[C@H](NC(=O)[C@H](C)NC(=O)[C@H](CCCCN)NC(=O)[C@H](CCCNC(N)=N)NC(C)=O)C(=O)N[C@@H](CCC(O)=O)C(=O)N[C@@H]([C@@H](C)O)C(=O)N[C@@H](CC(C)C)C(=O)N[C@@H](CCCNC(N)=N)C(=O)N[C@@H](CCCNC(N)=N)C(=O)N[C@@H](C(C)C)C(=O)NCC(=O)N[C@@H](CC(O)=O)C(=O)NCC(=O)N[C@@H](C(C)C)C(=O)N[C@@]1(C)CCC\C=C/CCC[C@](C)(NC(=O)[C@H](Cc2cnc[nH]2)NC(=O)[C@H](CC(N)=O)NC(=O)[C@H](CCCNC(N)=N)NC1=O)C(=O)N[C@@H]([C@@H](C)O)C(=O)N[C@@H](C)C(=O)N[C@@H](Cc1ccccc1)C(N)=O
432,14,3,2.56E+00,3.33,-9.90E-01,-0.344,-1.33E-01,0.126,2.95,-0.667,1.0,-0.0035700000000000003,7.71,0.0058,11.884,660819,KHS101,CC(C)CNc1ccnc(NCc2csc(n2)-c2ccccc2)n1
432,15,3,-3.93E+00,0.0355,-3.04E+01,30.3,9.17E-01,1.01,-1.95,-0.0473,0.0391,0.961,0.259,0.9609,14.687999999999999,660821,WAY-362450,CC(C)OC(=O)C1=CN(CC(C)(C)c2c1[nH]c1ccccc21)C(=O)c1ccc(F)c(F)c1
432,16,3,1.42E+00,2.45,-1.26E+00,-0.426,-1.62E-01,0.129,1.94,-0.8420000000000001,1.02,-0.0165,3.83,-0.0041,11.222000000000001,660823,JQ-1:vorinostat (2:1 mol/mol),ONC(=O)CCCCCCC(=O)Nc1ccccc1.Cc1sc-2c(c1C)C(=N[C@@H](CC(=O)OC(C)(C)C)c1nnc(C)n-21)c1ccc(Cl)cc1
432,15,3,8.93E-01,4.67,-1.47E+00,1.08,3.91E-01,0.721,2.78,-0.19399999999999998,0.444,0.556,6.87,0.5563,13.552,660840,cabozantinib,COc1cc2nccc(Oc3ccc(NC(=O)C4(CC4)C(=O)Nc4ccc(F)cc4)cc3)c2cc1OC
432,12,3,-1.34E+10,13400000000.0,-2.02E+09,2020000000.0,-1.01E+03,1010.0,-2370.0,-298.0,0.314,0.6859999999999999,0.0,0.6862,10.293,660857,crizotinib:PLX-4032 (2:1 mol/mol),C[C@@H](Oc1cc(cnc1N)-c1cnn(c1)C1CCNCC1)c1c(Cl)ccc(F)c1Cl.CCCS(=O)(=O)Nc1ccc(F)c(C(=O)c2c[nH]c3ncc(cc23)-c2ccc(Cl)cc2)c1F
432,16,3,-1.70E+00,0.828,-1.53E+00,0.562,6.88E-01,0.831,-0.43700000000000006,-0.48200000000000004,0.24100000000000002,0.759,0.7390000000000001,0.7592,13.439,660935,KPT185,COc1cc(cc(c1)C(F)(F)F)-c1ncn(\C=C/C(=O)OC(C)C)n1
432,16,3,-4.80E+11,480000000000.0,-5.21E+10,52100000000.0,-1.14E+02,116.0,-3390.0,-42.2,-0.0113,1.01,0.0,1.0112,15.169,660985,pitstop2,Brc1ccc(cc1)\C=C1/SC(NS(=O)(=O)c2cccc3ccccc23)=NC1=O
432,12,3,5.38E-01,1.37,-1.04E+00,0.561,4.28E-01,0.722,0.953,-0.24,0.425,0.575,1.94,0.5792,12.835999999999999,660993,R428,Nc1nc(Nc2ccc3CC[C@@H](CCc3c2)N2CCCC2)nn1-c1cc2CCCc3ccccc3-c2nn1
432,16,3,2.28E-01,2.12,-1.41E+00,0.7609999999999999,6.06E-01,0.7959999999999999,1.17,-0.322,0.299,0.701,2.25,0.7007,13.542,660994,ibrutinib,Nc1ncnc2n(nc(-c3ccc(Oc4ccccc4)cc3)c12)[C@@H]1CCCN(C1)C(=O)C=C
432,16,3,2.36E+00,7.81,-8.87E+00,8.68,-2.60E-02,0.775,5.09,-0.0965,0.626,0.374,34.0,0.3745,14.402000000000001,661032,sotrastaurin,CN1CCN(CC1)c1nc(C2=C(C(=O)NC2=O)c2c[nH]c3ccccc23)c2ccccc2n1
432,15,2,-4.17E+07,76400000.0,-2.23E+07,12200000.0,,,17300000.0,-5050000.0,1.0,0.0,0.0,0.9688,14.530999999999999,661033,A-804598,C[C@H](\N=C(\NC#N)Nc1cccc2ncccc12)c1ccccc1
432,12,3,-9.36E+10,93600000000.0,-7.88E+09,7880000000.0,-8.04E+00,10.1,-725.0,-24.3,-0.0182,1.02,6.409999999999997e-219,1.0182,15.273,665818,BRD-K27188169:navitoclax (2:1 mol/mol),CC1(C)CCC(=C(CN2CCN(CC2)c2ccc(cc2)C(=O)NS(=O)(=O)c2ccc(N[C@H](CCN3CCOCC3)CSc3ccccc3)c(c2)S(=O)(=O)C(F)(F)F)C1)c1ccc(Cl)cc1.CC(C)C[C@H](NC(=O)[C@H](C)NC(=O)[C@H](CCCCN)NC(=O)[C@H](CCCNC(N)=N)NC(C)=O)C(=O)N[C@@H](CCC(O)=O)C(=O)N[C@@H]([C@@H](C)O)C(=O)N[C@@H](CC(C)C)C(=O)N[C@@H](CCCNC(N)=N)C(=O)N[C@@H](CCCNC(N)=N)C(=O)N[C@@H](C(C)C)C(=O)NCC(=O)N[C@@H](CC(O)=O)C(=O)NCC(=O)N[C@@H](C(C)C)C(=O)N[C@@]1(C)CCC\C=C/CCC[C@](C)(NC(=O)[C@H](Cc2cnc[nH]2)NC(=O)[C@H](CC(N)=O)NC(=O)[C@H](CCCNC(N)=N)NC1=O)C(=O)N[C@@H]([C@@H](C)O)C(=O)N[C@@H](C)C(=O)N[C@@H](Cc1ccccc1)C(N)=O
432,16,3,#NAME?,inf,#NAME?,inf,#NAME?,inf,-3.52,-0.0013800000000000002,0.0617,0.938,0.0873,0.9383,14.41,665914,COL-3,NC(=O)C1C(=O)C[C@@H]2C[C@@H]3Cc4cccc(O)c4C(=O)C3C(=O)[C@]2(O)C1=O
432,15,2,#NAME?,inf,#NAME?,inf,,,15.6,-0.265,1.0,0.0,48000.0,1.0,15.0,666541,ABT-199,CC1(C)CCC(CN2CCN(CC2)c2ccc(C(=O)NS(=O)(=O)c3ccc(NCC4CCOCC4)c(c3)[N+]([O-])=O)c(Oc3cnc4[nH]ccc4c3)c2)=C(C1)c1ccc(Cl)cc1
432,16,3,-2.28E+05,228000.0,-4.38E+04,43800.0,7.89E-01,0.912,-8.73,-0.0517,0.15,0.85,0.00235,0.8503,12.788,666716,ETP-46464,CC(C)(C#N)c1ccc(cc1)N1C(=O)OCc2cnc3ccc(cc3c12)-c1cnc2ccccc2c1
432,15,3,9.21E-01,2.09,-7.70E-01,0.0381,1.58E-01,0.43200000000000005,1.5,-0.366,0.705,0.295,2.84,0.2952,11.799000000000001,666910,marinopyrrole A,Oc1ccccc1C(=O)c1[nH]c(Cl)c(Cl)c1-n1c(cc(Cl)c1Cl)C(=O)c1ccccc1O
432,16,3,#NAME?,inf,#NAME?,inf,#NAME?,inf,4.35,-0.004520000000000001,0.9079999999999999,0.0921,20.4,0.0921,13.465,667933,methylstat,COC(=O)\C=C\C(=O)N(O)CCCCNCc1ccc(COC(=O)Nc2cccc3ccccc23)cc1
432,15,3,-3.21E-01,6.48,-3.00E+00,0.172,1.08E-01,0.975,3.08,-1.41,0.45899999999999996,0.541,8.44,0.6321,13.564,668495,BYL-719,Cc1nc(NC(=O)N2CCC[C@H]2C(N)=O)sc1-c1ccnc(c1)C(C)(C)C(F)(F)F
432,16,3,-9.41E+17,9.41e+17,-4.86E+19,4.86e+19,-7.00E+06,7000000.0,-493000000.0,25000000000.0,-0.203,1.2,0.0,1.1007,16.51,668723,GSK2636771,Cc1nc2c(cc(cc2n1Cc1cccc(c1C)C(F)(F)F)N1CCOCC1)C(O)=O
432,15,2,#NAME?,inf,#NAME?,inf,,,253.0,-6.75,1.0,0.0,1.1500000000000002e+76,1.0,15.0,676728,JW-74,COc1ccc(cc1)-n1c(SCc2nc(no2)-c2ccc(C)cc2)nnc1-c1ccncc1
432,14,3,-4.12E+00,10.3,-3.45E+01,34.9,9.57E-01,1.15,3.08,0.18100000000000002,-0.053,1.05,8.44,1.0,15.638,677522,necrosulfonamide,COc1nccnc1NS(=O)(=O)c1ccc(NC(=O)\C=C\c2ccc(s2)[N+]([O-])=O)cc1
432,16,3,4.50E-01,2.11,-1.16E+00,0.38799999999999996,7.19E-01,0.835,1.28,-0.387,0.223,0.777,2.43,0.7773,13.939,679843,HBX-41108,Clc1ccc-2c(c1)C(=O)c1nc(C#N)c(nc-21)C#N
432,16,3,-5.81E+08,581000000.0,-2.87E+09,2870000000.0,-1.37E+04,13700.0,-3500.0,-2000.0,-0.0352,1.04,0.0,1.03,15.45,679844,palmostatin B,CCCCCCCCCC[C@H]1[C@H](CCc2ccc(OC)c(OC)c2)OC1=O
432,16,3,-7.47E+00,5.59,-1.41E+02,141.0,8.93E-01,1.03,-0.9390000000000001,-0.0294,0.0405,0.96,0.522,0.9595,14.717,682993,JW-55,COc1ccc(cc1)C1(CNC(=O)c2ccc(NC(=O)c3ccco3)cc2)CCOCC1
432,16,3,-1.01E+07,10100000.0,-8.64E+05,864000.0,9.96E-01,1.11,-24.8,-0.462,-0.0536,1.05,3.5e-08,1.0536,15.804,686134,BRD-K03536150,CC1=NN(C(=O)C\1=N\Nc1ccccc1C(O)=O)c1nc(cs1)-c1ccccc1
432,15,3,-1.58E+00,12.1,-3.12E+00,0.38299999999999995,-2.26E+00,2.55,5.26,-1.37,0.851,0.149,38.2,0.4872,13.81,688888,BRD-K34222889,COc1ccc(cc1)C#CC1=CCCN(C(=O)\C=C\c2cc(OC)c(OC)c(OC)c2)C1=O
432,16,3,-3.39E-01,3.73,-2.14E+00,1.17,6.45E-01,0.938,1.69,-0.48700000000000004,0.20800000000000002,0.792,3.24,0.7919,14.302,705300,linsitinib,CC1(O)CC(C1)c2nc(c3ccc4ccc(nc4c3)c5ccccc5)c6c(N)nccn26
432,16,2,-1.41E+02,225.0,-5.79E+01,37.6,,,41.8,-10.2,1.0,0.0,3950000000000.0,0.9711,14.770999999999999,710154,AT-406,CNC(C)C(=O)NC1CN(CCC2CCC(N2C1=O)C(=O)NC(c3ccccc3)c4ccccc4)C(=O)CC(C)C
