Symbol,Value
A1BG,-1.3515853153473503
AADACP1,-1.00116878815953
AADAT,-2.8127719183120203
AATK,1.32508341102844
ABAT,-1.60261921454581
ABCA3,1.4637333924533302
ABCA4,1.2373153369523702
ABCA7,1.01723414332306
ABCA8,-1.5052002639636202
ABCC10,1.387529531103
ABCC4,1.59280871310067
ABCC5,1.1286444499963502
ABCC9,-1.52955254711656
ABHD6,-1.07885450428517
ABI3BP,-1.24314273528983
ABLIM2,1.47157541848799
ABLIM3,-1.03423376111937
AC003973.3,2.70092674085226
AC004381.6,1.3853118880493602
AC004538.3,-2.2356574392417996
AC004540.4,-2.52104845818858
AC005154.6,1.1553331333201298
AC005253.2,1.12717617949116
AC005329.7,1.38134931194388
AC005355.2,1.1965936512947
AC005538.3,1.29232833889157
AC005550.3,1.5029752904412401
AC005943.2,1.83874565596599
AC006128.2,1.1710265730768101
AC006273.5,1.09440899005704
AC007308.7,1.7894835186208
AC009005.2,2.3768357144767003
AC009014.3,4.727722664754991
AC010524.2,2.32321981770631
AC011294.3,4.43667352379933
AC012146.7,1.5467423847102901
AC013275.2,2.3947078028246604
AC016739.2,1.35329975284695
AC017116.11,1.20069759905193
AC018890.6,5.630751382518821
AC022007.5,1.26316651662631
AC024560.2,1.37988718289213
AC025171.1,1.58224729611675
AC027612.6,1.07301674156955
AC068535.3,-1.47863855381342
AC068580.6,1.25492298547218
AC073283.4,1.51020187275456
AC074212.5,1.11895549449134
AC079466.1,6.51522175910813
AC083843.4,1.12020432441055
AC092171.4,2.62919014898857
AC093616.4,1.33813041792953
AC098973.2,7.413698767732201
AC099684.1,-1.12701836147955
AC104809.2,-2.2871758745694
AC114730.3,1.00818807244907
AC132217.4,1.4081521789448703
AC133644.2,1.7038711751500601
AC135048.13,-1.0340531255574301
AC159540.1,1.7647417143231001
ACAA1,-1.53178502538468
ACAA2,-1.56786636205378
ACACB,-1.19213378428458
ACAD11,-1.5456595902376398
ACADL,-1.50599432439627
ACADM,-1.2557004714550701
ACADS,-1.73279540069933
ACADSB,-1.74266071802234
ACAN,3.5428999745684098
ACAT1,-1.38830539257222
ACBD6,1.1101708270546
ACE,1.00311269418106
ACLY,1.07316150970717
ACOT12,-1.25001497414459
ACOT2,-1.11614277184555
ACOX2,-1.1975601950168302
ACSL1,-1.81463702703928
ACSL4,2.2649469813632797
ACSL6,1.16067201277452
ACSM1,1.26910592093431
ACSM2A,-1.2876905820340299
ACSM3,-2.0314194062680198
ACSM5,-1.90020629668726
ACSM5P1,-1.09202338931337
ACTG2,1.87544682428444
ACTL10,1.2706297464673
ACTN2,4.26891354574156
ACVR1C,-1.65846907018662
ACYP1,1.18425660230387
ADAM11,2.35692813939249
ADAM12,2.28171767646658
ADAM15,1.35730003326945
ADAM22,1.62527878050642
ADAM23,3.0977150154437596
ADAMDEC1,1.68544679448948
ADAMTS1,-1.62675677791942
ADAMTS13,-2.8830911026743995
ADAMTS14,1.34965262524799
ADAMTS16,3.65192050772936
ADAMTS6,1.17446225086449
ADAMTSL2,-1.6019659462090803
ADCY10P1,1.02985790560647
ADCY6,1.1829183482056498
ADGRA3,-1.14725792384854
ADGRB1,1.5623114301688101
ADGRB2,2.49723403585552
ADGRE1,-2.1514011818881698
ADGRG2,1.72916616602503
ADGRG3,1.27527491343336
ADGRG5,1.17399525000757
ADGRG6,-1.32367860337453
ADGRG7,-2.7058351261436804
ADGRL1,1.90941509720821
ADH1A,-1.8502691779538603
ADH1B,-1.8677090982278002
ADH1C,-1.6458342121396898
ADH4,-2.39694498900753
ADH6,-1.61582893403618
ADI1,-1.06007489789034
ADK,-1.1024424193951101
ADM,-1.32485231921299
ADM2,2.21409949176889
ADORA1,1.47283593505227
ADORA3,-2.0730050945378
ADRA1A,-3.1324473425405097
ADRA1B,-1.52810357062437
ADRA1D,2.1516275000393104
ADRA2B,-2.20534255940422
ADRA2C,3.35867491048682
ADRB2,-1.1156218065216101
AFAP1-AS1,7.30673906054579
AFF2,4.70156607211237
AFM,-2.0068139376616
AFP,7.01694621520056
AGAP1-IT1,-1.08220067288118
AGL,-1.47076786785075
AGO2,1.04033480716289
AGPAT4,1.3354952644463702
AGPAT9,-1.07059262009487
AGR2,3.9196357609154906
AGTR1,-1.43148410981419
AGXT,-1.2762546787623799
AGXT2,-1.84466245729992
AHNAK2,1.62063039040817
AHRR,2.04021498567678
AHSA2,1.3510231234791898
AHSG,-1.02041386194471
AIF1L,1.2822563763911001
AIFM3,1.2695884879411599
AIM1L,2.53381415067556
AKAP3,-1.29062332866249
AKR1B10,3.6089407593719196
AKR1B15,3.9497350230352404
AKR1C3,1.62992192443358
AKR1D1,-1.88429148245119
AKR7A3,-1.53213115802924
AL161668.5,-1.95921351134056
AL162151.3,1.0158459005284999
AL450992.2,1.74336411769173
AL589743.1,3.57841309087916
ALAS1,-1.29554022540537
ALB,-1.8332953829228702
ALDH1B1,-1.32942765618678
ALDH2,-1.73259933286132
ALDH3A1,5.1895886095901
ALDH4A1,-1.11710048535262
ALDH6A1,-1.74767157711524
ALDH8A1,-1.90128776728879
ALDOA,1.1496023458754
ALDOB,-1.54861454003854
ALG1L,3.42377869834844
ALOX15B,3.31426365719678
ALPI,8.51581573129336
ALPK3,2.09899800878504
ALPL,-1.55875465807004
ALS2CL,1.42508678434919
ALX3,6.70338555271551
AMBP,-1.12785713258644
AMD1P4,-2.6125850655120497
AMDHD1,-1.43773828588209
AMN,-1.10417476905691
AMOTL2,-1.03841613035853
ANG,-1.2544856762585002
ANGPT2,1.08129214679714
ANGPTL1,-1.1234367136561
ANGPTL3,-1.2166308513756001
ANGPTL6,-3.0834333769147997
ANK3,-1.46088986143848
ANKRD13B,1.78524398710352
ANKRD23,1.48649563660051
ANKRD29,1.6633402002421498
ANKRD36B,1.02382948530782
ANKRD52,1.45147947129401
ANKRD65,2.5326911516571404
ANKS1B,2.26191410509977
ANKS3,1.09204943203819
ANKS4B,-1.00240989782701
ANKS6,1.41895047997725
ANLN,3.55437075286073
ANO1,-1.08465092801145
ANO2,3.108806539447
ANO9,1.6393662134491798
ANTXR2,-1.25801679873188
ANXA10,-1.8528832597292302
ANXA2,1.19127848971664
ANXA2P2,1.0416569150411201
ANXA2R,1.4937092875803102
ANXA3,-1.23061956978973
ANXA8,-2.26866161115876
ANXA8L1,-2.01276869416116
AOC1,-2.13865088033916
AOX1,-1.46935675180449
AP000347.2,1.7475116597208
AP000347.4,2.26000710211527
AP000349.2,3.9529136697676
AP001187.9,1.62375563348865
AP001469.9,1.97567869821814
AP001626.1,1.2385328527801
AP002518.1,-2.06478194288929
AP006222.2,1.7950544764643002
AP1M2,2.9048564081567902
AP5Z1,1.14559313755319
APCDD1,1.72524987699862
APCS,-1.17792781085064
APLN,3.95909506252436
APLP1,2.5272282691177
APOA1,-1.48330583765601
APOA4,2.58268769902051
APOA5,-1.56847686063373
APOBEC3B,2.01544957279409
APOC1P1,-1.27729398808845
APOC3,-1.23547474859139
APOC4,-1.06475699496755
APOD,1.0423631881170299
APOF,-2.9925471056362998
APOH,-1.1120452335175501
APOL6,-1.09629456856794
AQP3,-1.5429286159242999
AQP6,1.75659380475424
AQP7,-1.2627043610405
AQP8,3.62300073139229
AR,-1.1914570233442099
ARFGEF3,2.98087139500498
ARG1,-1.08232247589211
ARG2,1.7375466525433898
ARHGAP10,-1.4631644919976599
ARHGAP11A,2.5423607677326
ARHGAP11B,2.09239321444071
ARHGAP20,-1.43515926196672
ARHGAP22,1.4768688298373003
ARHGAP28,1.1951094303537801
ARHGAP33,1.59354959964059
ARHGAP39,1.59557779623706
ARHGAP4,1.0922075154572
ARHGAP44,1.1778159153108
ARHGEF11,1.1616815881773501
ARHGEF16,1.04268493571423
ARHGEF2,1.06885685154778
ARHGEF26,-1.26718664850863
ARHGEF37,1.4843507738661499
ARHGEF38,1.07731336683616
ARHGEF39,3.09112129575706
ARID3A,2.56303349222721
ARID3C,-1.49290427670016
ARIH2OS,1.08807369637357
ARL16,1.15257128093779
ARL2,1.05656957195733
ARL5B,-1.03172017180015
ARMC9,1.0369469405391898
ARPC4-TTLL3,1.0213898773916
ARRDC2,1.0007551570050999
ART4,-1.1045390168081202
ASB16,2.34371956347442
ASCL1,-1.2603091475243
ASF1B,3.04510469661671
ASIC1,3.34875352855475
ASIC3,2.04901529331636
ASMTL-AS1,1.72261269346231
ASNS,1.78545514266816
ASPA,-1.9256497411075
ASPDH,-1.77781196975355
ASPG,-2.0804176368497
ASPHD1,2.8360580258554196
ASPM,3.7526963860865403
ASPSCR1,1.05155522775131
ASRGL1,1.2260055466828799
ASS1,-1.79525173415362
ASXL3,-1.05416769498722
ATAD2,1.72597921891526
ATAD3C,-1.18239947201635
ATAD5,1.7689939774409602
ATAT1,1.0867696068671402
ATF3,-1.7430085244446298
ATF5,-1.21734112091515
ATHL1,1.6669738622559198
ATOH8,-1.6499470559515899
ATP10A,1.55074015494178
ATP11C,-1.25371890985275
ATP1A2,1.8058502577713702
ATP2A1,1.64097588977272
ATP6V0D2,3.1531413541099798
ATP6V0E2-AS1,1.56081015180028
ATP6V1C1,1.0222473819699
ATP6V1C2,1.02388388161172
ATP8B3,1.1302951701939699
ATXN7L2,1.00589845326447
AUNIP,1.1215791691278
AURKA,2.71854582641175
AURKB,3.6398430324602504
AVIL,2.39515789388365
AVPI1,-1.04150025843707
AVPR1A,-2.45542175464091
AXIN2,1.9463903259978
AXL,-1.42432049614597
AZGP1,-1.7000630732268798
AZGP1P1,-1.27754302024974
B3GNT3,1.81860503981672
B3GNT5,1.4960108584084197
B3GNTL1,1.51015222346284
B4GALNT1,4.320391014366541
B4GALNT2,7.2350714731010495
B4GALNT4,3.64234932370167
B4GALT1-AS1,-1.44847105930954
BACE1-AS,1.3736168672551
BACE2,1.2200950403315
BACH2,-1.7316047677161002
BAIAP2L2,3.09332184065388
BARD1,1.24444255015828
BBOX1,-1.70913528514144
BCAM,1.05880490530852
BCAN,5.4863491785870995
BCAS1,2.46733118417965
BCAS4,1.76448404138783
BCAT1,1.68038627549093
BCAT2,1.84183405233752
BCHE,-1.85314807082949
BCKDHB,-1.47843406127564
BCL2L14,1.1814174394162098
BCL9,1.3419590120171
BCO2,-3.15007310275019
BCRP2,1.40195874622255
BCYRN1,2.20356639292944
BDH2,-1.28638112443859
BDKRB1,2.69679083649661
BDKRB2,1.4364926384662602
BEGAIN,1.44385502479113
BEND3,1.1310886162263
BEX1,1.7614628622638797
BEX2,2.5857067775312
BFSP1,1.4954401317513502
BGLAP,1.94233880355071
BGN,-1.36265779312598
BHLHE40,-1.3944934985893702
BHMT,-1.66050836622697
BICD1,1.2024203967282199
BIK,1.8728186558180702
BIRC5,4.16086950832939
BLM,2.51545618405402
BLNK,-1.00670421463388
BLOC1S3,1.01371478064153
BLVRA,1.3051120411393302
BMP4,1.71130345558204
BMP5,-3.07245957940384
BMP8B,1.52019919870266
BMPER,-4.690812622739781
BMS1P8,4.77031528768003
BOC,1.10258506307223
BOLA2,1.45259134594989
BOLA2B,1.54634910874428
BOP1,1.5815675090289598
BORA,1.12137212310366
BPIFB2,4.83367282242433
BRCA2,1.38977009043268
BRICD5,1.49197936101336
BRIP1,1.4139074011486203
BRSK1,1.6867988538731
BRSK2,3.9710553793564998
BSG,1.04371986580124
BSN,1.35247365976095
BSPRY,1.2180023670378202
BTN2A3P,1.0460571099340101
BTNL8,3.70616424379031
BUB1,3.5219318070439303
BUB1B,3.52208078370754
BX842568.2,-1.6279552330747
C10orf35,1.0707079506510302
C11orf54,-1.12737414282554
C11orf80,1.3242496053760902
C11orf84,1.21862144510555
C11orf96,-1.8952339449004498
C12orf56,4.30870359325926
C12orf75,1.9311018840497198
C14orf180,-2.9536601531479705
C15orf27,3.3418719709086697
C15orf48,2.36721337418312
C15orf59,1.57147538130906
C16orf59,2.8104465657261097
C16orf74,1.1856069498289998
C17orf53,1.97115266986597
C18orf54,1.39299148565959
C19orf33,2.24679861857263
C19orf48,1.34129331835381
C19orf57,1.31614863628482
C1QB,-1.03746218391414
C1QC,-1.0791752711736
C1QL1,4.009137884821859
C1QTNF1,-1.3603538300746298
C1QTNF3,3.52427842055329
C1QTNF3-AMACR,2.2820914349841
C1QTNF6,1.23088251768723
C1QTNF7,-1.5892628578448
C1R,-1.78251671277076
C1RL,-1.66243572343849
C1S,-1.3351279428044098
C1orf106,2.67331701962781
C1orf112,1.01679507330854
C1orf162,-1.23434988566738
C1orf186,1.61044719301425
C1orf198,1.19505734336094
C1orf233,1.7587430769281598
C1orf35,1.34085032223573
C1orf64,4.9925770169691
C1orf95,1.7295365961651699
C21orf33,-1.40022690326032
C21orf58,2.41198275289031
C21orf91,-1.71415974372545
C22orf29,1.1570114924098898
C2CD4B,-1.5496592305690402
C2orf27A,1.38361578443351
C2orf82,1.54867135673188
C3P1,-1.611745995708
C4orf46,1.18437260653925
C4orf48,1.9658049489345901
C5AR1,-1.1424473380246498
C5orf30,1.7330518293726298
C5orf34,2.4577227504677595
C5orf45,1.2671668486418501
C5orf46,3.92518552165
C5orf58,3.15224690044356
C5orf66,1.54843625763358
C6,-1.9959351877893898
C6orf183,1.8978522928970598
C6orf223,1.5509784396230102
C6orf48,1.23391938717585
C7,-2.23781991974643
C8A,-1.89636047844274
C8B,-1.5744076984914601
C8orf33,1.2936740649049698
C8orf4,-2.2823062503605
C8orf44,1.04319205333276
C9,-2.65759423770033
C9orf152,1.75994799784329
C9orf172,1.93712415255045
C9orf173-AS1,1.7560200924681002
CA12,2.77384324317052
CA2,-1.31848151484175
CA4,3.02356370662243
CA5B,1.3166724733270903
CA9,2.3406183072341697
CABYR,4.34887358261929
CACNA1C,1.1068483609356001
CACNA1I,2.8389516294127595
CACNB1,1.0730490668776802
CACNB3,1.05753745932277
CACNB4,3.11918204547114
CACNG4,3.9310036684887497
CACYBP,1.07293267838503
CAD,1.2957799755588002
CALCA,3.67952326426403
CAMK2B,-1.5714022891683799
CAMK2N2,2.83715168974993
CAMK4,-1.85400206822497
CAND2,-1.7103281443290999
CAP2,2.2814964164477103
CAPG,1.4352714522416201
CAPN10-AS1,2.3863991041109105
CAPN12,1.9461222086721497
CAPN13,2.74855388772361
CAPN6,1.01618986376099
CAPN8,2.95228701977252
CAPS,1.14211029029683
CARNS1,1.2124322219761599
CASC15,1.71670836027099
CASC9,3.1424459315242403
CASQ2,1.4056368075033199
CASS4,-1.07467857641944
CAT,-1.40388703734333
CATSPER2,1.3031957668612
CBFA2T2,1.22271198234549
CBFA2T3,-1.9604083721260903
CBLN1,1.4844889368148
CBLN4,1.38633956547272
CBR3,2.0419397800305
CBR4,-1.16306278214986
CBS,-1.6308030040399097
CBX2,2.73578115975304
CBX8,1.19111058913681
CCBE1,-3.89500777695652
CCDC102B,1.26049473557521
CCDC112,1.0847497218203102
CCDC137,1.0159869968558801
CCDC144NL-AS1,1.52856447131875
CCDC162P,2.47912383037037
CCDC163P,1.44007444179578
CCDC170,2.40347106388071
CCDC180,1.54125229364176
CCDC183,1.7204631599924298
CCDC28B,2.49422530373174
CCDC3,-1.2571614579260801
CCDC34,1.7057505079620099
CCDC38,-1.09567074538792
CCDC40,1.00452107643101
CCDC64,2.3696256001455698
CCDC71L,-1.73306230398024
CCDC78,2.3045471728154303
CCDC80,1.62251254610441
CCHCR1,1.39293307360082
CCL14,-2.8944797549817003
CCL2,-1.4357898038802002
CCL20,1.4242287239845801
CCL25,5.280671163213429
CCL28,1.0218385738418199
CCL3,-1.55257647733049
CCL4,-1.33890310643325
CCNA2,3.42273389252384
CCNB1,3.31260971025158
CCNB2,3.7956020874332403
CCND2P1,-1.03613924995064
CCNE1,4.09237703831424
CCNE2,2.51587613874141
CCNF,2.23393348838725
CCNO,3.3368972102373795
CCR1,-1.5238632907521998
CCR6,1.15865003019866
CCRN4L,-1.76517364175904
CCSAP,1.04872687004522
CCT3,1.18486367950722
CD109,2.5009280423550297
CD14,-1.42681902777675
CD163,-2.04040735734424
CD180,-1.01976621732101
CD1D,-1.5969683844786298
CD200,1.86804771702261
CD200R1,-1.41020761885074
CD226,-1.47630796433601
CD24,2.09187628086582
CD244,-1.65968232124421
CD248,1.10483616056847
CD274,-1.03393662900557
CD300A,-1.26757821000493
CD300E,-1.66981288272373
CD302,-1.7388672096368998
CD34,2.10462764919864
CD4,-1.96544530794241
CD5L,-3.0193858415445094
CD69,-1.33152610288116
CD7,1.0260546789937701
CD81,-1.0055264751441
CDA,-1.3368906295438898
CDC20,4.32864925759396
CDC25A,2.17569169747556
CDC25B,1.05205649822486
CDC25C,4.38819488842556
CDC37L1,-1.5529947376359998
CDC45,3.14026474284189
CDC6,3.2367176858855498
CDC7,2.08271664420825
CDCA2,3.25864693437641
CDCA3,3.3476741149704505
CDCA4,1.45452778176162
CDCA5,3.48588266267619
CDCA7,3.82168446063309
CDCA8,3.1800646281941303
CDH11,1.09533126592464
CDH13,2.3664695281101804
CDH16,2.51121430199324
CDH19,-2.34444262392908
CDH24,2.25682970771005
CDHR2,-1.8990792263416698
CDK1,3.53742488698026
CDK5R1,1.28061747453483
CDKN2A,4.14707740203088
CDKN2B,1.37551610755193
CDKN2B-AS1,3.60264505328065
CDKN2C,2.34027096055325
CDKN3,4.0307225013249095
CDNF,-1.06531402276732
CDO1,-1.0055694935219
CDRT1,3.0436363831612003
CDS1,1.2249644240267
CDT1,3.4743932199945404
CEACAM20,5.2626823321387
CEBPA-AS1,1.1012857550522699
CECR7,2.5435773638896
CEL,3.29703690672483
CELF5,1.8660219603856498
CELF6,1.75284787984627
CELSR3,3.55732723431319
CEMIP,2.62171966327948
CENPA,4.11588021618612
CENPE,3.1680698244935095
CENPF,3.88447735312065
CENPH,1.89548209045571
CENPI,3.14099886008481
CENPJ,1.24152016216001
CENPK,2.70183345364003
CENPL,2.44733357438133
CENPM,3.569181354177
CENPO,1.5258333438676202
CENPP,1.18996014752131
CENPQ,1.00247877614187
CENPU,2.20166597208636
CENPW,2.70925072064838
CEP131,1.83310952646407
CEP152,1.44744089860116
CEP250,1.121932154495
CEP55,3.05491567385408
CEP72,1.37118868399517
CERS1,4.2305575254021095
CES3,-1.1804450513001001
CES5A,-1.4624341772891203
CETP,-2.84942088005607
CFAP43,1.06073357527025
CFAP44,1.0345533626291
CFHR3,-1.75749169830185
CFI,-1.36351423542885
CFL2,-1.05553664082285
CFP,-3.37785374617929
CFTR,-2.1403894975336497
CGREF1,1.9317960072148002
CH17-258A22.4,1.30115670542252
CH17-264L24.1,1.7727994669021299
CH17-353B19.1,1.3346886521187
CH507-42P11.6,1.4315254922375802
CH507-42P11.8,-1.12543204557402
CH507-513H4.3,-1.94256648868947
CH507-513H4.4,-1.94256648868947
CH507-513H4.5,-1.98190940613161
CH507-513H4.6,-1.94256648868947
CH507-9B2.2,-1.5667349989536101
CHAF1A,1.4802636625187502
CHAF1B,2.59366116281272
CHEK1,1.68822134373417
CHI3L1,1.2134171047996398
CHI3L2,1.14367739376298
CHIT1,1.0044692900130001
CHKA,1.1777731632930801
CHML,1.73028494845362
CHN1,1.0125422634475798
CHRM3,1.2876715015720201
CHST1,1.22027770188581
CHST10,1.2691697997031899
CHST4,-2.9916470509927007
CHST7,-1.02312961659817
CHTF18,1.7213686023363501
CIART,1.4773732913131898
CIB2,1.71044930126387
CICP27,1.00838224614202
CIDEB,-1.7893036406384502
CILP,-1.8815238519618502
CISH,-1.1737483906893702
CITED2,-1.09960231164161
CKAP2,1.2607854813047699
CKAP2L,3.24943815693352
CKAP4,1.0123277728434898
CKB,2.11665258854647
CKMT1A,3.3699443457184
CKMT1B,3.7611334860278602
CKMT2,2.86947449904571
CKS1B,1.2780667017012601
CKS2,1.3871905895304497
CLCN2,1.07576278172545
CLCNKA,2.56264194473709
CLDN10,-1.36735687926505
CLDN15,1.79043016380523
CLDN19,2.8209275555428497
CLDN4,1.47828062879493
CLDN7,1.0561104939605699
CLEC12A,-1.53595741084659
CLEC1B,-5.23669369725228
CLEC4G,-5.42129951962967
CLEC4M,-5.5821087226828805
CLGN,1.29998337975844
CLIC3,1.4006890654517201
CLIC5,1.30604599187948
CLIC6,-1.7263445968061
CLIP2,1.20564888375417
CLK2,1.05131959219555
CLN3,1.04014267747838
CLRN3,-1.51449391904933
CLSPN,2.7764775619505397
CLSTN2,-1.01633357918016
CLTCL1,1.12180001144653
CLVS1,2.93515750723165
CMB9-22P13.1,2.55940620132375
CMB9-55F22.1,1.7310228954691202
CMBL,-1.04365984322966
CMTM4,1.19493416934328
CMTM6,-1.01045260961642
CNDP1,-3.23195292294642
CNFN,2.22901709698304
CNGA1,-1.25201961422632
CNIH4,1.09422398736706
CNNM1,2.60773557390454
CNR1,2.67502858348825
CNTD1,1.07691610831627
CNTD2,1.5609263619023002
CNTN1,1.87797940089474
CNTN3,-1.31129655288835
CNTN4,-1.5867011051929298
CNTNAP1,1.57634587722626
CNTNAP3,1.37756572543089
CNTNAP3B,1.04156168730886
CNTNAP4,6.13530417512484
COA6,1.25576597779653
COBLL1,-1.07625981500452
COCH,4.35937101063983
COG2,1.03160764717378
COL11A1,2.09526992072134
COL11A2,1.4624002784686398
COL15A1,3.7697122572687696
COL1A1,1.4686259379625
COL1A2,1.0570623600186
COL21A1,1.21665742410466
COL22A1,4.74082267416282
COL24A1,3.89447676549088
COL2A1,9.46826066411575
COL4A1,1.76413258356107
COL4A2,1.6178072965926298
COL4A5,1.7320387293268502
COL5A3,1.3100124949154701
COL7A1,2.46081854498216
COL8A1,1.47673545932884
COL9A2,1.6328711435533798
COL9A3,1.18711144212984
COLCA1,1.73629528243986
COLCA2,2.85479567625965
COLEC10,-3.98586450045592
COLEC11,-1.42293304213148
COLEC12,2.46139182286792
COLGALT2,1.67999384857851
COMP,2.55044328396531
CORIN,2.35221898667242
CORO6,1.1462483403783301
COX4I2,2.7341258803286297
COX6A2,-1.11933473196291
COX7A1,1.01682069364743
COX7B2,9.2414511303522
CP,-1.4931790759701598
CPB2,-1.0667125987507902
CPE,1.32064209756271
CPEB3,-2.2503828222600095
CPED1,-1.9935574226054902
CPLX1,1.5631126965842599
CPLX2,9.06710405383592
CPN2,-1.1223829214385401
CPNE7,2.69345770539845
CPS1,-1.1842362907624098
CPSF1P1,1.03165964044229
CPT1C,1.02705800289286
CPT2,-1.1880731925157701
CPXM1,2.37805423901754
CR1,-2.42864441322788
CR392000.1,3.3170286363032204
CRACR2B,1.34829907046464
CREB3L1,1.8152654201471898
CRHBP,-4.48147209582403
CRIP3,2.15468840550685
CRISPLD2,-1.23426900814837
CRLF1,2.52723261828089
CRMP1,1.34319382859385
CRNDE,3.3723031566115
CROCCP3,1.35299357663843
CRP,-1.13287799027023
CRYAB,1.7861384528506499
CRYGS,2.0957723201415197
CSAG1,4.66918773130525
CSAG2,3.2248949772664397
CSAG3,1.84390407061809
CSF1R,-1.0557801936375
CSMD1,7.0293719767414995
CSMD2,3.2214762598270803
CSNK2B-LY6G5B-1181,1.2285189934515
CSPG4,2.0749479255300303
CSPG4P10,1.7438257023761103
CSPG4P12,1.88319092946487
CSPG5,2.56530890433698
CSRNP1,-2.22443565820909
CST1,7.84203449414791
CTA-204B4.2,1.5485819580345601
CTA-315H11.2,1.90419971317415
CTAG2,6.68119394663032
CTB-193M12.5,1.2684727386035801
CTB-25B13.12,1.0366853578248498
CTB-31O20.2,1.34655768778015
CTB-50L17.8,1.7333611807776002
CTB-92J24.2,1.30520155981108
CTBS,-1.0337720766893599
CTC-260E6.4,2.93784550171621
CTC-338M12.4,1.60679256332102
CTC-351M12.1,1.27716209743132
CTC-378H22.2,2.71758905026985
CTC-425O23.5,1.39149176631485
CTC-505O3.2,-1.8484273025334998
CTC-510F12.6,1.8677574486000401
CTC-524C5.2,1.0282083454393298
CTD-2006C1.2,1.08453552744419
CTD-2017F17.2,1.28827284903248
CTD-2114J12.1,-1.4618081249929602
CTD-2201E18.3,1.16353741490617
CTD-2227E11.1,2.79088550212181
CTD-2228K2.7,2.2235682729292403
CTD-2287O16.5,1.03320813840562
CTD-2292P10.4,1.7175660604737901
CTD-2371O3.3,2.41710459020867
CTD-2517M22.14,1.1162978781235902
CTD-2527I21.15,2.0816480802889
CTD-2531D15.5,1.9486115017281598
CTD-2537I9.12,1.3651464185275302
CTD-2545M3.2,2.39063009668986
CTD-2547G23.4,1.9587985950019802
CTD-2561B21.7,1.07269525297501
CTD-2574D22.4,1.1345685039678501
CTD-2589H19.6,2.66004864882105
CTD-3025N20.3,1.0599295781181501
CTD-3065J16.9,1.9839162358204099
CTD-3088G3.8,1.25973747794981
CTD-3138B18.5,1.00576071582933
CTF1,-1.06416546930305
CTHRC1,4.031312031536451
CTLA4,1.20583884775048
CTNNA2,4.98211108389409
CTNNA3,-2.3312796397559503
CTNND2,2.0414561616214497
CTSE,1.9535991384146598
CTSK,1.69675662630552
CTSV,4.661844489340639
CTXN1,2.32222049211104
CUEDC1,1.06054201181898
CUL7,1.1673303765216398
CX3CR1,-1.03023628279305
CXCL12,-2.77687061765157
CXCL14,-3.9082900469553796
CXCL17,4.06869997692571
CXCL2,-1.61359786739002
CXCL5,2.18819233182798
CXCR2P1,-1.92220519227507
CXorf36,2.2308395790713
CYB561D1,1.2388565366961002
CYP17A1,4.8560176643854405
CYP19A1,6.825539063380621
CYP1A2,-3.2468454659274
CYP1B1,1.4803424097184
CYP21A1P,1.23932781953654
CYP26A1,-3.8214762420026602
CYP27B1,1.77122908275129
CYP27C1,1.54989352628243
CYP2A6,-1.6134410208543
CYP2B6,-2.79940013319858
CYP2C18,-1.1181503412672
CYP2C19,-3.91089383205954
CYP2C8,-2.71872243261763
CYP2C9,-1.92586101158006
CYP2E1,-1.6876653223634
CYP2J2,-1.20215332915492
CYP39A1,-2.4409392054114503
CYP3A4,-1.99180412524677
CYP3A43,-1.76417148986223
CYP4A11,-2.2823109246773
CYP4A22,-2.2006494815881004
CYP4F12,-1.04452185196931
CYP4F2,-1.63773261874345
CYP4V2,-1.41164064706842
CYP7A1,1.85645231812208
CYP8B1,-1.67886390585401
CYR61,-2.01916905054059
CYS1,-1.43595869063389
DACH1,-2.8141876040689597
DAGLA,1.53779575385919
DAO,-1.09442436586953
DAPK2,1.5473462088521002
DBF4B,1.5819003871586799
DBH,-3.7383730264764603
DBN1,1.69939148199791
DBNDD1,1.4569613006856001
DBNDD2,1.15073393508699
DBT,-1.08506562023291
DCAF13,1.04936731559889
DCAF4L2,9.47782565072141
DCAF8L2,7.49799299997498
DCDC2,1.4154576696518502
DCN,-2.64669061197372
DCST2,2.10107449924657
DCUN1D3,-1.1654601102072901
DCXR,-1.31914171587242
DDIAS,1.59726894286425
DDX11,1.24265533122883
DDX12P,1.77414912193137
DDX39A,1.49371467050163
DDX53,7.53072630383896
DEFB132,2.67750112129246
DENND4B,1.0791278746089201
DEPDC1,3.7504359028771095
DEPDC1B,3.15080357475704
DEPDC7,-1.3190717967858898
DERL3,1.24212398557376
DFNB31,1.4965064130448702
DGAT2,-1.04369517888836
DGCR9,2.1662806572946103
DHODH,-1.74938768481679
DHRS1,-1.08512329613693
DHRS2,1.4248675309449
DHTKD1,-1.04295942845522
DHX34,1.1822317742176398
DIAPH3,3.75161252989654
DIO2,4.44326720020926
DIO3OS,-1.10995308668509
DIRAS1,3.51837310150289
DIRAS2,1.59098779514962
DIRAS3,-2.8386486158827595
DISP2,1.5468071571986002
DKK1,6.019268752761639
DKK2,1.58964761905191
DKK3,1.21734981383572
DKK4,5.172235377524401
DLC1,-1.24031006118484
DLG2,-1.17844352084327
DLG5,1.6417724215762999
DLG5-AS1,2.3781743589830096
DLGAP1-AS2,1.1159055002501799
DLGAP5,3.7315647122088396
DLK1,7.12861835657603
DLK2,2.4842128095763503
DLL4,1.08193540922716
DMD,-1.27505911677108
DMGDH,-1.6466446829121297
DMKN,2.17229148603346
DMRTA1,-1.00509637951508
DNA2,1.3907767810563503
DNAH10OS,1.0179457143600898
DNAH11,1.6927495018180299
DNAH12,3.0744383478584902
DNAH14,1.29340597367765
DNAH17,1.9477455708345
DNAH6,-1.1072559920611003
DNAJC12,-1.4115698250106001
DNAJC25,-1.2510227736161599
DNAJC6,2.57569564281965
DNAJC9-AS1,1.23728114567411
DNASE1,1.2042825402808601
DNASE1L2,2.40176897496384
DNASE1L3,-2.93666466525106
DNM3,1.5580365458018002
DNM3OS,-1.37218817065022
DNMT1,1.15757196688297
DNMT3A,1.33090437576151
DNMT3B,1.6885728738546002
DOK7,1.4285961274848202
DPEP1,2.2359212114458598
DPF3,-1.7945728549575501
DPT,-2.09173724195271
DPY19L1P1,1.4990081746440602
DPYD,-1.0316590498192
DPYS,-1.2619575540319499
DPYSL4,1.8489150526195701
DQX1,6.09722032465973
DRC7,1.2271301009782298
DSCC1,2.08517893944206
DSCR8,8.4079666897369
DSE,-1.6016632634975299
DSN1,1.29064125718664
DSTNP2,1.15709313108509
DSTYK,1.05413795913681
DTL,3.3396817991017698
DTNA,1.7964070242740602
DTX1,-1.8135597474694898
DTYMK,1.32924966660317
DUOX1,2.50445936467477
DUOX2,2.47352771884944
DUOXA2,3.8141264454327595
DUSP1,-1.65544820444352
DUSP10,-1.14309073790955
DUSP15,1.63239132392793
DUSP5,-1.53668796912672
DUSP6,-1.7320563651497298
DUSP9,5.14692972392337
DUXAP8,3.3679899692819397
DUXAP9,3.83044925818708
DVL2,1.01093246092431
DYDC2,3.38160190333265
DYNC1I1,3.6307114690202997
E2F1,3.70656833159665
E2F2,3.04862160615862
E2F5,1.21825027407091
E2F7,3.41665483882429
E2F8,3.7452735186595696
EBF1,2.10810160916397
EBF2,5.4019051948930095
EBF3,2.4437041066147
ECEL1,6.567358960064991
ECHS1,-1.24105198130135
ECM1,-3.2173004615000997
ECT2,2.34111835118194
EDA2R,1.11999294507988
EDARADD,2.2471043484073596
EDIL3,2.60366692522475
EDNRB,-1.4353425337561296
EEF1A2,3.90079319933918
EFCAB12,1.09738666824989
EFHD1,-1.30639327659509
EFNA3,2.0791166678881003
EFNA4,1.58455671394602
EFNA5,1.1429647141140702
EFNB3,-2.3474452176006
EGF,4.74713302103357
EGFL8,1.19208969465685
EGFR-AS1,2.48574651752513
EGLN3,1.2956873282177401
EGR1,-2.5840521212554197
EGR2,-2.82066360042167
EGR3,-2.2422599411442996
EHD3,-2.21784800322542
EHF,1.22000907550561
EHHADH,-1.3026614993995
EHMT2,1.3425724903393
EID2B,1.03642636083677
EIF4E3,-1.14807070909091
EIF5A2,1.43399180401259
ELFN1-AS1,3.46830677489412
ELFN2,3.75412940015983
ELL3,1.35297913223968
ELMSAN1,-1.03483136737598
ELOVL7,1.4368637731103602
EMC3-AS1,2.48521590893307
EME1,3.1469896174435097
EME2,1.31977019568743
EMID1,1.11802725153662
EMILIN1,-1.04505674749878
EML6,2.06562265870387
EMX1,3.9730138398632597
ENAH,1.58632731825742
ENO3,-1.74434725477321
ENOX1,1.90703992206404
ENPEP,-1.04827838122611
ENPP6,2.89427268515795
ENTPD2,1.7036024949937099
EPB41L4A,-1.2552065519708
EPB41L4B,-1.5596230919245602
EPCAM,1.79040465342428
EPHA10,3.4861949375787096
EPHA2,-2.07473999500256
EPHA3,-1.17676228208536
EPHB1,-2.1463545465415503
EPHB2,2.52605035147905
EPHX2,-1.5462186338383002
EPPK1,3.2830511436216097
EPS8L3,5.02009737023917
ERCC6L,3.22885871771886
ERICH5,1.6039262940772598
ERLIN1,-1.28325993824336
ERP27,2.31454495484657
ERRFI1,-1.3293279017283701
ERVMER34-1,3.1269586095316
ESCO2,1.69794743540802
ESM1,4.1753318055988
ESPL1,1.33977972627828
ESR1,-2.47942555284178
ESRP1,1.6428035449145502
ESYT3,2.1834374509998797
ETFDH,-1.6437391000726798
ETS2,-1.65644624895742
ETV4,3.05121702922877
EVA1A,-1.0982665919644
EVPL,2.66623218060862
EXO1,3.7448792293829603
EXPH5,-1.4719584317957601
EYA2,-1.295789840105
EZH2,2.4547158331609
F11,-1.2406849204006
F11-AS1,-1.21753756416882
F12,-1.03085755961917
F13A1,1.7103825719143602
F2,-1.01667381966044
F2RL3,2.31564097915341
F3,-1.19922211195398
F8,-1.26921402984189
F9,-1.9153685851661102
FAAP24,1.49558456985982
FABP1,-1.28892936177825
FABP4,2.75147161310115
FABP5,1.6827913518992499
FABP5P7,1.5920984956059099
FAH,-1.01944226573505
FAHD2A,-1.17041873477463
FAM101A,4.78224707149162
FAM110C,-1.1846005165798799
FAM111B,2.69598127152063
FAM132B,2.60923056489012
FAM133A,5.3895575924990595
FAM134B,-2.2835852376399104
FAM135B,1.8808624960429698
FAM13A,-1.8683456776086
FAM149A,-1.3269822808043
FAM151A,-1.1894379822122498
FAM155B,2.66450588222971
FAM163B,-2.52124310305165
FAM167B,-1.03485067955465
FAM169A,1.07013954800785
FAM169B,-1.01145498297553
FAM171A2,2.01258638432306
FAM178B,4.7624249996016195
FAM180A,-2.4108394266603597
FAM189B,1.6983756976866
FAM198A,-1.7862934254016298
FAM19A5,1.12673094964907
FAM212A,1.50148298014224
FAM212B,1.27425146841946
FAM222A,1.76968918461941
FAM229A,1.04491544278862
FAM24B,2.11307080953413
FAM35DP,-1.20384627777204
FAM3B,3.00980885741264
FAM46A,-1.37493077450413
FAM46C,-1.15966851786651
FAM50A,1.06808208350813
FAM64A,3.2237234298436404
FAM65C,-2.46795988184342
FAM71F2,1.36274000390729
FAM72A,2.12922625410244
FAM72B,2.2552170197674
FAM72C,2.9312015851673503
FAM72D,3.5896949255081805
FAM78B,1.3149596191716102
FAM81A,2.23251896502455
FAM83D,2.44180640760502
FAM83F,-1.89183825484549
FAM83H,1.4533558233457602
FAM83H-AS1,1.4971448211856397
FAM86JP,1.2310122860414
FAM95C,1.2244539500728
FAM99A,-1.6710407120755402
FAM99B,-1.8989810102569198
FANCC,-1.00909368776851
FANCD2,2.2572236354714
FANCE,1.7234300291184899
FANCG,1.48475233512675
FANCI,2.32345782773271
FAP,2.40621924550929
FAR2P1,6.675542376226879
FAT4,-1.2958683080274298
FAXDC2,-1.1511759663010201
FBF1,1.4303939557745902
FBLIM1,1.3283691617193998
FBLL1,1.36897943825192
FBLN1,1.5080516399629298
FBN3,3.5015881849457298
FBP1,-2.05464227542669
FBXL16,2.4700783675989704
FBXL18,1.36980306204086
FBXL19,1.0894379583278901
FBXL19-AS1,1.59971358192285
FBXL6,1.1210483727402
FBXO32,1.67825664047095
FBXO43,4.018878786693009
FBXW10,4.1719281295879
FCGBP,1.2738758091753
FCGR2B,-1.72971664040472
FCGR2C,1.24667700668103
FCGR3A,-1.19950930843994
FCN1,-1.2440807950839299
FCN2,-5.06455597733532
FCN3,-4.08249237883111
FCRL6,-1.22847255179193
FCRLA,1.4709651460534001
FDCSP,5.32324187476921
FEN1,1.6746005849788999
FER1L4,3.00720496153545
FER1L6,6.1649834614636205
FERMT1,2.23073806605559
FERMT2,-1.0513476691644
FETUB,-1.27700029113765
FEZ1,-1.50758578377085
FEZF1-AS1,5.585891998659441
FGA,-1.40158466902068
FGB,-1.59677618383861
FGD1,1.6372054054485699
FGF12,2.0035766476421397
FGF13,1.9795626474340302
FGF14-AS2,-1.2231288726896499
FGF19,2.17938175494071
FGG,-1.40685224599483
FGL1,-1.2882482914825302
FGL2,-1.3122341468487
FHAD1,2.0861248711982
FHDC1,1.8956827886521201
FHL1,-1.08070287663053
FHL2,-1.24790603254475
FIGF,2.16897929619742
FIGNL1,1.12515219771368
FITM1,-2.0698152357687802
FKBP10,1.29012079689433
FLAD1,1.03012360048522
FLJ22763,-1.84383533872368
FLJ44511,3.0462394562134505
FLNC,3.32945269467475
FLRT2,-1.18973694731259
FLVCR1,2.24284936919971
FLVCR1-AS1,1.6224120516290101
FMO1,2.27706344491392
FMO2,-1.2329576810564
FMO3,-1.19413335075551
FNDC4,-1.04967703463874
FNIP2,-1.26394073680978
FOLH1,-1.32364238367227
FOLH1B,-2.2313082202542796
FOLR1,1.84652461755042
FOS,-3.1937175071904202
FOSB,-3.24773980501111
FOSL1,-1.7160995501337701
FOXD2,2.17320347303012
FOXD2-AS1,2.1311291716799
FOXF1,-1.51064811319586
FOXH1,4.1345426744435905
FOXJ1,3.28992268828858
FOXK1,1.25546012075331
FOXL1,1.55046405447766
FOXM1,3.76144876526115
FOXN4,2.5223736537017203
FOXO1,-1.69374157135735
FOXO6,1.2995915846246
FOXP2,-1.22965673284757
FOXQ1,1.68594344026158
FOXS1,2.82269840163387
FPR1,-2.10427429791327
FRAS1,1.18918395517218
FREM2,-2.2672748147508504
FRMD3,1.8339002045010702
FRMD4B,-1.35628967229926
FRMD6,-1.18138823041126
FRMPD1,1.32663466884129
FRRS1L,5.74573305952214
FRZB,1.08284028920604
FSD1L,1.15385909555623
FSTL4,4.58533465930525
FSTL5,3.52395056949752
FTCD,-1.5247948021827502
FTH1P20,1.08913532602228
FUT1,1.01732996365972
FUT2,3.14366130355089
FXN,-1.21265115379945
FXYD1,-1.7834179776623003
FXYD2,2.11259854622823
FXYD3,2.9577648947202797
FZD2,1.15104729783579
FZD9,2.24150994952927
G0S2,-1.4956513566523
G6PC,-1.0344161116552
G6PD,2.66467636773583
GABARAPL1,-1.06985172888006
GABBR2,4.36188256885849
GABRA3,5.9615010087461195
GABRD,4.56466124074426
GABRE,2.90858593038732
GABRP,-3.3327831229986202
GABRR3,3.9540539831428303
GAD1,4.942935411387549
GADD45B,-1.92861165470065
GADD45G,-1.42828903418559
GAL3ST1,2.46993789376438
GAL3ST4,1.08624546470676
GALNT10,1.04550382965911
GAREM,-1.3427645954328897
GAREML,2.16464115505573
GAS1,-1.40794055094359
GAS2L3,1.13412880389442
GAS5,1.8551304962552801
GATA2-AS1,1.5147587131250801
GATA3,-1.4029036457534798
GATA5,1.03923561385382
GATM,-1.18198705219385
GATS,1.6234839971586499
GATSL2,1.6298692872974598
GBA,1.4582231933333103
GBA3,-2.2439384704079597
GBAP1,1.8234099973399198
GBP2,1.3920952377908502
GBP7,-1.24534198732069
GC,-1.21445614995762
GCDH,-1.36499386013631
GCGR,-1.58193253098801
GCH1,-1.4914046043077902
GCK,1.8884221166021398
GCKR,-1.17262506250267
GCNT3,2.42930494873664
GDAP1,1.05225080731278
GDF2,-5.22729850985149
GDNF-AS1,2.54673700946242
GDPD1,1.18766389966821
GDPD3,1.7292585915068799
GGT5,-1.4647607630162
GHR,-2.45454421682258
GHRHR,3.6126499314472205
GINS1,2.7811103938223796
GINS2,1.79326444477299
GINS3,1.4392065100823102
GINS4,1.8087731335689097
GIPC2,-1.27235981679463
GIPR,1.80208232849818
GIT1,1.00503150435138
GJA5,1.4618432974176299
GJB2,-1.06519292903473
GJB3,-1.8504857312443
GJC1,2.3076085321507
GJC3,-1.0867196131529
GLA,1.16614700824225
GLDN,3.8654401147889703
GLI1,1.25996524233618
GLI4,1.55128399365055
GLMP,1.05520273774662
GLOD5,-1.58630493705354
GLP2R,-2.8695726303295896
GLS,1.10988633402947
GLS2,-1.95694820169007
GLUD1,-1.07092965633264
GLUL,1.7886705196684398
GLYAT,-2.16469043135399
GLYATL1,-2.1033450052791296
GMNN,2.2231551513446
GNA14,-1.76478299377269
GNAL,2.03541724811776
GNAO1,-2.20484645078799
GNAZ,3.6978673029816402
GNB1L,1.01821528624643
GNE,-1.53046401937592
GNG4,5.453083521111241
GNMT,-1.61190262537138
GNPNAT1,-1.05591718662311
GOLGA2P10,1.2565208091996298
GOLGA2P5,1.26742960933981
GOLGA2P7,2.0555649369316598
GOLGA6L10,1.12510986013686
GOLGA6L9,1.21309921255441
GOLGA7B,1.82488857041318
GOLGA8A,1.74327031651059
GOLGA8B,1.6061478153429898
GOLM1,1.30849140531602
GOT1,-1.01827425283108
GP1BB,2.32150990624584
GP2,5.58669351391817
GPAA1,1.42650938827934
GPAT2,1.60060647846122
GPC3,5.976602935012091
GPC5,1.55273318829419
GPD1,-1.6115938641336298
GPHN,-1.19884037624076
GPM6A,-3.30303343373017
GPR137C,1.28045957013031
GPR146,-1.36018076265969
GPR158,3.37796808502053
GPR160,1.05627171955527
GPR180,-1.00877464730866
GPR182,-3.42472152555746
GPR35,3.18479636830804
GPR65,-1.17014169767503
GPR88,1.6785665531838199
GPRC5A,-1.27823299434573
GPRIN1,2.69678431784641
GPSM1,2.06808862142485
GPSM2,1.4220291558498501
GRAMD1A,1.46063998631569
GRAMD1C,-1.5759312885988102
GREB1,1.3790083166802098
GREM2,-1.02031873866361
GRHL2,-1.05157487077091
GRHPR,-1.27020169488451
GRID1,1.05040829129909
GRIK4,2.56270903565956
GRIN2A,2.74549016167464
GRIN2D,1.01664332700957
GRM8,-1.8893597314822301
GRPR,3.93631340351748
GS1-309P15.2,7.796742871461
GSG2,2.7070144797852795
GSPT2,-1.11460031146452
GSTA2,-1.0406357941925999
GSTA4,1.06683721803702
GSTM1,-1.6528345646594
GSTM5,-1.21518878242965
GSTO2,1.09261185173123
GSTZ1,-2.0217103772216003
GTF2IP1,1.02045101035859
GTF2IP4,1.00446087175218
GTF2IRD1,1.12975974814984
GTPBP2,1.00961067320522
GTSE1,3.53850883021604
GTSF1,4.248630294864061
GUCY2C,4.6173457090552805
GULP1,1.73691681650579
GUSBP11,1.7844014154191699
GXYLT2,2.5513001623498397
GYLTL1B,1.2034180518936899
GYS2,-2.2125746624808595
H19,1.1693816246934199
H2AFX,1.4870300502988798
H2AFY2,1.05207090791057
H2AFZ,1.19390651583924
HAAO,-1.43352174253344
HABP2,-1.0833285596021
HAGHL,2.7816730482435204
HAGLR,6.367356255628071
HAMP,-3.65371455032199
HAND2,-1.96975623086352
HAND2-AS1,-2.9100491495189704
HAO1,-1.48981446214075
HAO2,-2.34841421501613
HAPLN3,1.4392389201947502
HAS2,-1.23240811176525
HAUS5,1.03826057694835
HBA1,-1.6792909179175999
HBA2,-1.76396072335148
HBB,-2.07031567918577
HCG27,1.27496899520825
HCG4P5,1.02483211331872
HCN2,3.42459401518727
HDAC11,1.76972589351134
HDAC4,1.00764093825112
HELLS,2.45153962834746
HERC2P2,1.30420842598448
HERC2P3,1.51003632129457
HERC2P4,1.90348130558427
HERC5,-1.4022465652557001
HES4,1.26797817883775
HES6,1.42814449030956
HEY1,1.3533299916766297
HGF,-2.09753262147022
HGFAC,-1.82761908744543
HGH1,1.05929397510487
HHIP,-3.54507743636702
HHIPL2,6.74512149809705
HIC2,1.27898872412338
HID1,1.05680973853429
HIGD1B,3.2384132632092704
HIST1H1C,1.30609296873397
HIST1H2AE,1.3925019467925701
HIST1H2AG,1.98013917878748
HIST1H2BG,2.26726827210468
HIST1H2BJ,1.66872336742229
HIST1H2BK,1.03091070134271
HIST1H2BN,1.51845081182389
HIST1H3H,1.9706887207434698
HIST1H4H,2.84428211148111
HIST2H2AA4,1.57603336834092
HIST2H2AC,1.13908215503834
HIST2H2BD,1.80285993432248
HIST2H2BF,1.51318152476126
HIST2H4A,2.14184147598775
HIST2H4B,2.1062683259264903
HIST3H2A,2.75753586909185
HIVEP1,-1.1718391721991699
HJURP,3.9590355152398504
HK2,1.58128381675026
HK3,-1.4205108839108702
HKDC1,1.6866063982148
HLA-DOB,1.2247107071753898
HMCN2,1.94776555986043
HMGA1,1.7541439323847499
HMGA2,6.09417115782277
HMGB2,1.4024886653020001
HMGCL,-1.3277353257289701
HMGCS2,-1.1780025776036298
HMMR,3.3140272739915604
HMOX1,-1.3786748117486498
HN1,1.31120398935565
HNF4A-AS1,-1.16853738185654
HOGA1,-1.75894646272373
HOMER3,1.2706481634646498
HOPX,1.32793137997016
HOTTIP,7.4450477783140805
HOXA-AS2,1.35049345737159
HOXA10,5.746193322111259
HOXA13,6.97983578613145
HOXA3,2.77399373504287
HOXB7,1.66434444328374
HOXC9,5.79058448234416
HOXD1,5.63379169571512
HOXD8,3.13175946849104
HOXD9,4.61179057138906
HP,-2.13389653065793
HPGD,-1.05575181040766
HPS5,-1.51422045528044
HPX,-1.7662036791379399
HRCT1,2.59935206765573
HRG,-1.16891244535338
HRSP12,-1.30853322597419
HS3ST3B1,-1.5607770209187901
HS6ST2,3.8743189961590696
HSD11B1,-1.14840482944105
HSD17B13,-2.1962330515987096
HSD17B3,1.0539152550407
HSD17B6,-1.39140991173107
HSF2BP,2.3142760248490397
HSF4,1.79075077915209
HSPA6,1.34454974979952
HSPA7,1.6975147362431002
HSPB1,1.6222442800624202
HSPB8,1.5016413839561698
HTR1D,4.3115279552741095
HTRA3,1.09442960238918
HULC,1.05682379986823
ID1,-1.7843159709018999
ID2,-1.42016489536478
IDNK,-1.2503376093743201
IDO1,1.0323786547449498
IDO2,-1.9206032793455703
IDS,1.8838549817103898
IDUA,1.21803497066934
IER2,-1.3344509258045802
IFI6,-1.00481929850017
IFIT1,-1.17131154540991
IGDCC4,3.1298462125538498
IGF1,-2.19722947706529
IGF2-AS,2.10270542639706
IGF2BP1,7.0774991435392
IGF2BP2,2.37149906788931
IGF2BP3,4.9668496485310705
IGFALS,-3.0990436995735298
IGFBP1,-1.46732506456604
IGFBP3,-1.9690785261920198
IGFBP4,-1.03061649005177
IGHA1,-2.04180873306105
IGHA2,-1.8936421465201296
IGHD,-1.81940063335715
IGHM,-1.85288787252451
IGHV3-49,1.31209261116351
IGHV3-7,-1.04309843744642
IGKV2-24,-1.37116043406452
IGLON5,-1.33813985211335
IGLV2-8,-1.13268658697328
IGLV3-19,1.57973698556404
IGLV8-61,-2.43989621255975
IGSF1,3.1030458748442995
IGSF10,-1.0028204958087
IGSF3,2.52956415539641
IHH,1.26701498523485
IKBKE,1.23611096146297
IKBKGP1,1.65659633841237
IL13RA2,-2.1578199771249897
IL17D,3.08955922468201
IL18R1,-1.49765420978203
IL1B,-1.87345337383378
IL1RAP,-2.09550254250958
IL1RL1,-3.418832686005
IL1RN,-2.16708046434147
IL27,-1.04708743525298
IL2RB,-1.27549513162456
IL33,-1.75745807166432
IL3RA,1.38258349312722
IL4I1,1.5897411670242199
ILDR2,2.2028710472761204
INCENP,1.2234634080911102
INHBC,-1.3727919931488899
INMT,-2.46339371008845
INPP5J,2.06587189778292
INS-IGF2,-4.01612571298851
INTS8,1.07131016725006
IQCC,1.5149258779241201
IQCD,2.84332095956838
IQCE,1.19315103474276
IQCH,1.4282212726290402
IQGAP3,3.4991627276921298
IRAK1,1.33099937695622
IRF8,-1.5933854850756002
IRX3,2.55339717311026
ISG15,-1.0817614664136
ISX,7.020969844752781
ITGA2,2.00085911805855
ITGA6,1.43961780148904
ITGA7,1.32831712055762
ITGA9,-1.9265810251111999
ITGAD,-1.26957879216483
ITGB1BP2,1.4265895511923998
ITGB4,1.16208056549556
ITGB8,-1.16531387953892
ITIH1,-1.1570178159592501
ITIH4,-1.56084460749404
ITLN1,-2.68775122284904
ITLN2,1.7882474621839899
ITPKA,2.6139625339944303
IVD,-1.2201262731623799
IYD,-1.5883297575174697
JAG2,1.6587923241979599
JAKMIP3,1.64969831738886
JCHAIN,-1.97600791336653
JDP2,-1.16597541034662
JPH1,1.70488933433546
JPH2,1.6451822906163303
JRK,1.79721864459995
JUN,-1.5157480555920202
JUNB,-1.5331873781234597
KAAG1,1.7866050943476697
KANK4,-1.15967344110316
KAT2A,1.50532441321131
KAZALD1,1.7198838520563702
KAZN,-1.58986038653302
KB-1208A12.3,1.38221648080892
KB-1460A1.5,1.49097638153303
KB-1572G7.2,1.51629456294409
KB-226F1.2,1.30759754198518
KB-68A7.1,-1.21875665135676
KBTBD11,-2.31366077120969
KCND3,-1.89735286290397
KCNE5,3.0762681189223997
KCNF1,2.44904558920617
KCNG1,1.8855649855511498
KCNH2,3.64511439311216
KCNIP3,1.51267882693879
KCNJ10,-1.0237214571574398
KCNJ11,1.7516886215982401
KCNJ14,1.06283363367082
KCNJ15,-1.39956644223396
KCNJ16,-2.1819756902311
KCNJ4,1.64263391336847
KCNJ5,1.9386050202644398
KCNK17,-1.33583500426143
KCNK9,6.45900489807257
KCNMB2-AS1,5.0704152476087305
KCNMB3,1.3490075497594198
KCNN2,-3.4303395349558197
KCNN3,1.5007045535288799
KCNQ1OT1,1.2677946773140198
KCNU1,7.2960967736485705
KCP,3.06076275330648
KCTD17,1.66551109981013
KCTD7,1.3456499327781999
KDELR3,1.02439325886187
KDM4A-AS1,1.1307912371390199
KDM6B,-1.0202389456804999
KDM8,-2.39585909327048
KEL,2.2643804637492
KHK,-1.05956424766537
KIAA0040,-1.10368004631072
KIAA0101,2.56546934212194
KIAA0907,1.3354118836782098
KIAA1211L,1.32791448239683
KIAA1324,1.50596034659907
KIAA1462,1.72338083747372
KIAA1522,1.53809997851639
KIAA1524,2.17051362529011
KIAA1549,1.5235937209037802
KIAA1614,1.8409686484568
KIAA1614-AS1,1.70533336117306
KIAA1841,1.56488629048301
KIAA1875,1.56611482566324
KIF11,2.19640384062882
KIF14,3.12668359436957
KIF15,3.4693737771736197
KIF18A,3.3863796822262997
KIF18B,3.99517408440418
KIF1A,2.83859006411842
KIF20A,3.73995543837653
KIF21B,1.58108745354629
KIF23,3.29535742743362
KIF24,1.88098698713853
KIF26B,1.669749836523
KIF2C,3.9973116515099
KIF4A,3.9235538712384903
KIF5C,1.4793746290390102
KIF7,1.2290860433164
KIFC1,3.8281643348273904
KIFC2,1.97699147232223
KISS1,1.69287194563782
KITLG,1.1211425034001201
KLC2,1.16486249123128
KLC3,1.9337679099335399
KLF10,-1.43522936832632
KLF11,-1.2328195233611399
KLF13,1.1061839739613601
KLF4,-1.1496104785018502
KLF6,-1.32403086753929
KLHDC7B,1.45011991593349
KLHL15,-1.33483174826876
KLHL23,1.02429764213912
KLHL31,1.29517511735629
KLHL34,2.70769651369679
KLKB1,-1.6934109288880401
KLRD1,-1.2652552104467
KMO,-1.78213331385997
KNSTRN,1.00732373562791
KNTC1,1.95296902890423
KPNA2,1.45849255554072
KPNA7,2.14520230634099
KRBA1,1.12328886306153
KRT23,1.89562730192927
KRT86,2.7475152098117994
KRT8P12,1.2861176197173798
KRTCAP2,1.06267637949242
L3MBTL1,1.4617437320417601
LA16c-380H5.1,1.0233314517541399
LAGE3,1.14168369692326
LAMA1,1.1186978515586201
LAMA2,-1.06975827855875
LAMA3,2.27503884159305
LAMA4,1.56080801922259
LAMB3,1.02753964449843
LAMC1,1.39094524177299
LAMP5,2.48335179838123
LAPTM4B,1.57830541151135
LARP1B,-1.09893327050025
LCAT,-2.60826192073779
LCN2,4.506319906370139
LDHD,-1.3568001095492601
LDLR,-1.4953293274589599
LDLRAD1,4.02714345369843
LDLRAD2,1.2623820732334499
LEAP2,-1.25971989274172
LECT2,-1.32571547045079
LEF1,3.0419286047980396
LGALS9C,1.26031718527208
LGI2,1.17907293191377
LGI3,3.0204582417164803
LGR5,2.09876033129987
LHFPL3-AS2,1.77512079260377
LHFPL4,4.566240670916019
LHX2,-1.95417660340053
LHX3,3.50720386270496
LHX4,2.65651725486452
LHX9,1.03470608982404
LIFR,-2.90216382126908
LIG1,1.16021730236588
LILRA1,-1.7279872175783202
LILRA2,-2.00875310778219
LILRA5,-2.16333958649921
LILRB1,-1.08310020320471
LILRB5,-1.88666391881282
LIMK1,1.21963214849325
LIMK2,1.00451756932197
LIN28B,9.63179968408507
LIN9,1.5240989998270602
LINC00152,1.90064694717899
LINC00176,4.75077947882816
LINC00205,1.6578559433469298
LINC00221,7.87622817867208
LINC00238,-2.14446825974929
LINC00261,-1.3510766356041202
LINC00319,1.36300759951181
LINC00346,1.76666203712096
LINC00470,1.5902145815509598
LINC00482,1.78332698081045
LINC00511,3.0391362325526603
LINC00528,1.6130934163784298
LINC00607,2.5117594593162202
LINC00648,4.996857718631361
LINC00665,2.89663204569538
LINC00844,-1.75832561776691
LINC00853,2.04170052923677
LINC00885,-1.74517861960125
LINC00890,-1.4878668322598503
LINC00893,1.5580427988496202
LINC00894,1.62429803832018
LINC00896,2.8998174362737297
LINC00925,3.05910233295874
LINC00950,1.46160808421675
LINC00982,1.6001841974999398
LINC01011,1.14107452629368
LINC01018,-1.44513502331063
LINC01021,2.20718475600534
LINC01057,1.4070238978146699
LINC01089,1.62840081467985
LINC01093,-3.4327362598910405
LINC01124,1.0379742079191998
LINC01134,1.30861349378542
LINC01138,1.69165007591442
LINC01139,3.6378051541274905
LINC01152,1.53590651566789
LINC01194,6.830376870363179
LINC01207,3.6348566232629196
LINC01224,4.62329412174861
LINC01234,6.0025050658313095
LINC01272,-1.2110490591398602
LINC01287,9.12795632749061
LINC01296,3.9653470570991405
LINC01315,1.43376455349181
LINC01341,1.5356743481213502
LINC01348,-1.13654664230771
LINC01355,1.3219039112241002
LINC01370,-1.0183903630499
LINC01419,10.9195596770622
LINC01426,2.8563316226748197
LINC01436,3.04751590732623
LINC01446,4.696847837399309
LINC01451,3.6485110520051602
LINC01549,2.79142013340219
LINC01604,1.28258111617451
LINGO1,2.54305894595406
LIPC,-1.01202981759111
LIPE,1.0736894311079
LIPG,-1.07969624761605
LL0XNC01-7P3.1,1.4146816292457602
LL22NC03-2H8.5,1.25449940192857
LL22NC03-N14H11.1,3.5241053969542997
LLNLF-173C4.1,1.12649508059422
LMNB1,1.18334100459759
LMNB2,1.28996907245439
LMOD1,1.2464866649331798
LMTK3,1.7886900531750403
LOX,1.64630900968006
LOXL2,1.6422300025006797
LOXL4,1.28502929287065
LPA,-2.6550197007296603
LPAL2,-1.40915196505897
LPCAT1,1.43914686597943
LPIN2,-1.0447861392458901
LPL,2.48724449883488
LPPR2,1.19790179698336
LPPR4,2.7131588404374303
LRAT,-3.02185331922457
LRCOL1,-1.6542853389122099
LRG1,-1.6594025930416798
LRP12,1.00620479793464
LRP4,1.7130325226835001
LRP8,1.3770045612800499
LRRC1,2.4159796725270097
LRRC14,1.47842887470031
LRRC16B,-1.04561914118106
LRRC19,-2.33133867544235
LRRC37A3,1.34843621123295
LRRC37A6P,2.82936383917687
LRRC37A7P,-1.0652002189009
LRRC4,-1.9074238957697498
LRRK2,-1.23927826138186
LRRN2,1.78152410139146
LTB,1.03415932060068
LTBP2,1.0401596447715
LTBP4,-1.04666294180925
LTF,1.3737414255869698
LTK,-1.4828673060276
LUCAT1,3.83438231593935
LY6E,-1.98533464499421
LY6G5B,1.4945879689171202
LY6H,4.35355371593646
LYPD1,4.09328453545045
LYPD3,1.0642417611913
LYPD8,4.2172074128355
LYSMD4,1.01468544253467
LYVE1,-3.0827050953388304
LYZ,2.3476035202426497
LZTS1,1.33953572959626
MACC1,-1.0871669327545799
MAD2L1,2.17030260649326
MAEL,3.2794966972926303
MAFA,6.533399596342269
MAFF,-1.2337593024249198
MAFG,1.3320760235656999
MAFG-AS1,2.90594943811184
MAGEA1,9.28562102676823
MAGEA12,7.9486839847891995
MAGEA2,7.1593333372306205
MAGEA2B,7.93506259372817
MAGEA3,7.41248123213087
MAGEA6,8.421835768964339
MAGEB17,6.404121138404549
MAGEB2,9.49890928230348
MAGEC1,8.51295159200835
MAGEC2,8.72584202702591
MAGED4,3.4798252952280895
MAGED4B,2.61609297971472
MAGI2-AS3,-1.67570659372659
MALAT1,1.11728028539229
MAMDC2,-1.1080602166864801
MAMSTR,2.33767482137923
MAN1A1,-1.15557762410339
MAN1C1,-1.67952853845355
MAP1A,1.65765070773108
MAP1B,1.02769124976799
MAP2,1.60546830974509
MAP2K1,-1.2946702191651
MAP2K3,-1.2484857456899099
MAP3K9,1.31610349315441
MAP7D2,3.6871271415343703
MAPK11,1.44238956071233
MAPK12,2.13418869820627
MAPK13,1.560168738037
MAPK8IP2,3.2935557696309306
MAPK8IP3,1.01238152312095
MAPT,3.03535033935761
MARCO,-4.87770135495306
MASP1,-1.63216960497216
MAST1,1.4447006918605199
MAST2,1.0964647153495901
MAT1A,-1.85986444127596
MATN3,5.31375485776999
MB,1.2097489439393798
MBL2,-1.82968295998409
MBNL2,-1.3459562523530302
MC1R,1.3194302017465902
MCAM,1.3137189330541001
MCC,-1.7187341157152598
MCCD1,6.28486440998799
MCF2L2,2.79913757519262
MCHR1,1.1597751073570302
MCL1,-1.22762868123054
MCM10,3.10026530151407
MCM2,2.42175089804131
MCM3,1.5692976704264798
MCM3AP-AS1,1.31130421723518
MCM4,1.6418043040180001
MCM5,1.44273374089965
MCM6,1.78431426854076
MCM7,1.51838666214867
MCM8,1.3456707907447298
MCMDC2,1.23472835324792
MCOLN3,2.3673461121102
MCTP1,1.62892226340992
MDFI,2.47826443602673
MDGA1,2.13892796639876
MDGA2,2.7118077917703904
MDK,3.77063717697641
ME1,1.04068148989612
MEF2B,1.4308757504672098
MEG3,1.7410052437716899
MELK,3.8604441503567006
MEOX1,1.5168017902334199
MEOX2,1.57769507956526
MEP1A,6.736105870647499
MESP1,1.9774474241704199
MESP2,3.63806694422221
METTL12,1.09371916098057
MEX3A,1.82833904641806
MFAP2,1.72430306439663
MFAP3L,-1.8586620494230401
MFAP4,-1.84884269446569
MFGE8,1.15890221204471
MFI2,1.66319668614095
MFI2-AS1,2.50988778217094
MFSD10,1.11130775217679
MFSD2A,-2.32356858006286
MFSD6,1.19131612202902
MGAM,1.34107295269144
MGAM2,1.9224261957723898
MGAT3,1.5021900733567801
MGAT4C,2.3969343847270803
MGC39584,8.950311585579039
MICAL1,1.10008451605243
MICB,1.32863270754407
MIOX,4.12845310149385
MIR17HG,1.11806152361513
MIR4435-2HG,1.81319447256249
MIR600HG,1.46625655644547
MISP,3.18157874182271
MKI67,3.38569832320682
MKRN3,3.9631136086876295
MLIP,-1.02807534273315
MLLT11,1.3864031488927502
MLYCD,-1.26145662072708
MMAA,-1.17904051947288
MMEL1,1.87011722444309
MMP1,2.2773594600035096
MMP11,3.82440757812467
MMP12,3.9755473038812403
MMP14,1.16714774385598
MMP17,1.7435704741294098
MMP24,1.630978220319
MMP9,2.1516195993853198
MMRN1,-2.00303596252734
MMS22L,1.31606867987761
MND1,2.9255587487487
MNS1,2.67141800722301
MNX1,4.38809301925733
MOGAT2,-2.27564801134444
MPC1,-1.52658079763392
MPDZ,-1.11253557857967
MPEG1,-1.08430164654781
MPP2,1.17571351804041
MPP3,1.88734561520129
MPPED1,-1.4375007425549902
MPPED2,1.43583445145711
MPZ,2.97354347095891
MRAP,1.04108864454258
MRAP2,4.1093152347323105
MRAS,1.13363423003243
MRC1,-1.1323397647413
MRO,-2.32126742542092
MROH1,1.32353742150496
MROH6,1.31259652743375
MRPL23-AS1,2.52596231471709
MS4A6A,-1.8421850880355901
MS4A7,-1.4944846743198201
MSANTD3-TMEFF1,1.2991102037416398
MSC,2.5603217641313902
MSC-AS1,1.09582270695154
MSH2,1.3168894278739398
MSH5,1.80740893681008
MSH5-SAPCD1,1.90474727695485
MSI1,3.5152335761202003
MSL3P1,1.3675464916575102
MSRA,-1.3932886650400902
MST1,-1.04809666635498
MST1R,1.25042406415828
MSTO1,1.7666156130953101
MSTO2P,2.68406844855576
MSX1,2.0456655556537
MT-ATP6,-1.3661637384562701
MT-ATP8,-1.09440493040618
MT-CO1,-1.02420389143599
MT-CYB,-1.2078668547171498
MT-ND1,-1.11057591896351
MT-ND2,-1.03711123740925
MT-ND3,-1.13790855159818
MT-ND4,-1.25361269494575
MT-ND4L,-1.1474911225258702
MT-ND5,-1.23325129210507
MT-ND6,-1.3387667007342499
MT1A,-1.1506154587257
MT1E,-2.6642277175417
MT1F,-2.79174429269922
MT1G,-2.41331003825637
MT1H,-2.7839050545659703
MT1L,-1.43680330594505
MT1M,-2.17109517867021
MT1X,-2.59571244302529
MT2A,-2.52100463179733
MTATP6P1,-1.33696166652024
MTBP,1.89204410859164
MTFP1,1.00611196050581
MTFR2,3.11565902459434
MTHFD1,-1.260093683469
MTHFD1L,1.57203866864474
MTHFD2L,-1.33999287417624
MTL5,2.35071464641339
MTMR11,1.91740916265473
MTMR7,2.01131379410961
MTND2P28,-1.01592046206449
MTTP,-1.12396880687197
MTUS2,-2.039060637789
MUC13,5.32019853532315
MUC15,4.95180929249679
MUC5B,2.47848776676696
MUC6,-1.03981527142159
MUSTN1,4.6197262158555095
MUT,-1.3187486541475
MXD3,2.70445207987752
MXRA5,-1.63299997646289
MYBL1,1.26314600262334
MYBL2,4.6163649094783
MYC,-1.18442943602123
MYCN,3.7451901729816
MYD88,-1.01964727245111
MYEF2,2.3422083389734905
MYEOV,1.08538231353514
MYH3,1.2615665489624999
MYH4,1.67269066139439
MYH7B,2.3228258646718
MYO15B,1.49948909817668
MYO16,-1.03249411612753
MYO18B,7.59789417203603
MYO19,1.23169735837716
MYO1A,3.0219494214314198
MYO1B,-1.1444213406718702
MYO7B,1.5158802790432702
MYOM2,-2.08398092779059
MYRF,1.0380204826193
N4BP2L1,-1.4307728320921498
N4BP3,1.97587905164731
NAA11,7.94979568630167
NAA40,1.07937513952325
NAAA,-1.63268408580468
NAALADL1,2.2145001844990397
NAALADL2,-1.3111699163756398
NADK2,-1.0719841434838
NAMPT,-1.4983442527746103
NAMPTP1,-1.23845134820848
NANOS1,2.6645965395639197
NAP1L3,-1.10592169219878
NAPSB,-1.6266571391569098
NAT1,-1.26193008677125
NAT14,1.2808105785307
NAT2,-2.9388835653939402
NAT8B,1.7656031893740902
NAT8L,3.53379637999529
NAT9,1.20783308429169
NAV3,2.2658900450321
NBL1,1.1122285301873
NCAM2,-1.35904122444081
NCAPD2,1.3904030074475602
NCAPG,3.64627793788949
NCAPG2,1.23366420920254
NCAPH,3.01844885485338
NCKAP5,-1.28635764606797
NCOA7,-1.05316100332166
NCOR1,-1.14473094632046
NDC80,3.4456951084478904
NDOR1,1.00210333196547
NDRG1,1.2228184188878999
NDRG2,-1.4932859243711103
NDRG3,1.01237939885966
NDRG4,1.529025153536
NDUFA4L2,2.90430223884081
NEB,2.9500396395179505
NECAB1,1.15797553545845
NECAB3,1.4361224509060002
NEIL3,4.34038515959688
NEK2,3.94981786731745
NELFE,1.35607609027731
NES,1.26631774499923
NETO2,2.2966494724850204
NEU1,1.17958618939604
NEURL3,1.34998150601087
NFAM1,-1.28958694849391
NFATC4,1.33691209934617
NFE2L3,1.030357947985
NFIL3,-1.3947488825314098
NGFR,-2.24363592282445
NIPAL1,-1.6631406260191
NKAIN2,2.2193499065334197
NKD1,3.61814236871282
NKX3-1,-1.5502663496237798
NKX6-2,1.7312545932414902
NLRP2,1.12970609071565
NLRP3,-1.0188499543283
NMB,2.19067890415539
NME1,1.16209060244903
NNMT,-2.29916198491769
NOL12,1.0376837388792801
NOS2,1.51113363607221
NOTCH3,1.87178447019822
NOTUM,1.98927905637821
NOVA1,1.4518040325800499
NOX4,2.9896875241858
NPBWR1,-1.25062622152966
NPEPL1,1.07183144350022
NPFFR2,6.45926234111654
NPIPA7,1.00199369738803
NPIPB11,1.01360899394771
NPM1P25,-1.29773118380862
NPM2,1.8549085323373797
NPNT,1.55981648541471
NPPA-AS1,1.11640420685615
NPSR1-AS1,6.5267141630352
NPTX2,2.31634281315941
NPY1R,-2.4895486683463397
NPY6R,1.03809493838885
NQO1,4.725542325140871
NR0B2,-1.0820799583665501
NR1I2,-1.3795686767374098
NR2C2AP,1.35010789865157
NR3C2,-1.34681382361556
NR4A1,-2.15661545538501
NR4A2,-1.89654974266457
NR4A3,-2.2262559475623998
NR6A1,1.29398630251333
NRBF2,-1.0800036275444398
NRCAM,2.47909127437191
NRG1,-1.89072266895312
NRG2,2.37548444780766
NRIP2,1.19594059328118
NRM,1.5149366984814598
NRSN2,1.2796780596055901
NRXN3,1.5880865920936498
NSMCE2,1.41327841308746
NSUN5P1,1.6007233283504099
NSUN5P2,1.59551482674599
NSUN6,-1.15133933020205
NT5DC2,2.68428000155416
NT5M,1.33845586788028
NTF3,-3.11455921087078
NTM,2.72582779912579
NTN4,-1.30428390152947
NTS,6.79519308280215
NUDT1,1.8230746943223302
NUDT17,2.01182530492648
NUF2,4.25492353479104
NUGGC,-1.1443478128705702
NUPR1,1.0431633508465201
NUSAP1,2.29145716765813
NVL,1.0504242757901
NWD2,3.18929482063731
NXPH3,1.5179159142905603
NXPH4,5.82235674050387
OAS2,-1.13073741610677
OASL,-1.1632970949186598
OBSCN,2.07108001066492
OCA2,2.86451036255562
ODAM,7.4127055972016
OGDHL,-1.41911138129479
OIP5,3.2012854459435696
OIT3,-3.60752941700934
OLFM1,-1.06878019606278
OLFML2A,2.36543345313154
OLFML2B,3.0686997462494303
OLFML3,-1.64968993896803
OLR1,1.57348564682577
OR2I1P,2.35011609489617
ORAOV1,2.12107728531697
ORC1,2.96842408954178
ORC6,2.91378871189254
ORM1,-1.94529330494454
ORM2,-1.74924384157664
OSBP2,1.9473433025771498
OSBPL3,1.8407531463832398
OSR1,1.82696175607027
OSR2,4.11737630289025
OTC,-1.17049896169148
OTUB2,1.69945194979871
OTX1,4.51389646580914
OVOL1,2.17709481721845
OXCT1,1.80906345371899
OXT,-1.6104564439343998
OXTR,1.15834880334117
P2RX5,1.2604591240223502
P2RY13,-1.90844255055747
P3H2,-1.5205445436994698
P3H4,1.5691558510285901
P4HA2,1.48353412314439
PABPC1L,1.7342961866734197
PACSIN1,2.1919363447251103
PADI1,1.93381356249495
PADI2,1.16853978260156
PAEP,10.1924808752494
PAFAH1B3,2.00949665489315
PAGE4,6.573724482693679
PAGE5,4.09996080284849
PAIP2B,-1.32189316011408
PAK3,1.9278860351936498
PAK6,1.61667492860383
PALM2,-1.7496078672345001
PALM2-AKAP2,-1.68782493041418
PAMR1,-2.23482938083435
PANK1,-1.5501937764685902
PAPLN,1.20319593816924
PAQR4,2.0604651035911203
PAQR5,1.6323870544342198
PAQR6,1.5856532239740402
PAQR8,1.36684255966817
PARM1,1.0629841564740101
PARPBP,2.76506756093267
PAX8,1.3474353051082302
PBK,3.4151849258847795
PBLD,-1.74967207402029
PCAT6,1.69142047594692
PCBP4,1.11655458093125
PCDH17,1.3810359121173
PCDH9,-1.89293905677546
PCDHA1,5.30912395530833
PCDHB10,1.2411130431133799
PCDHB11,1.527944956199
PCDHB16,1.14833791845568
PCDHB2,2.87106280371127
PCDHB3,1.7701084070256499
PCDHB8,2.39991886873014
PCDHB9,1.26335114202914
PCDHGA1,2.2441665989096604
PCDHGA12,-1.21104748450991
PCDHGA2,1.09616254967677
PCDHGA4,1.34751534789247
PCDHGB7,-1.29281933186199
PCGF2,1.01467786445418
PCK1,-2.19597525618653
PCK2,-1.33104362481208
PCNA,1.08843374572987
PCNXL2,1.43372626061651
PCSK1N,4.20193129696072
PDCD1,1.58077033586383
PDCD1LG2,-1.161850843567
PDE11A,-1.07456222670139
PDE2A,-1.4733171150937399
PDE4C,2.00385872228757
PDE6G,-1.03290990112694
PDE7B,-1.6911095471766897
PDGFA,2.00795558902756
PDGFRA,-1.8758500761869499
PDGFRB,1.10686492819436
PDGFRL,1.7847218386058101
PDIA2,6.1798114481187705
PDK4,-1.22706936988803
PDLIM5,-1.06644639152585
PDLIM7,1.27432560031951
PDX1,1.76657989617872
PDZD2,1.02698930126829
PDZK1IP1,3.04751622195193
PEA15,1.19938519730015
PEG10,4.61762431779795
PEG3,1.2783633286731
PELI2,-1.7988497576379
PEMT,-1.37922675270458
PERM1,1.5236986622071498
PEX11G,-1.17880701622752
PFKFB2,1.24953607923975
PFKFB3,-1.1332532036057
PFKFB4,1.69595892226533
PFKP,1.27599207276481
PGAM2,4.13070245964497
PGBD1,1.0625406987313901
PGC,11.069845176989901
PGF,1.21170576182819
PGLYRP2,-1.55230324927551
PGM1,-1.2344667563603502
PGP,1.08699550096965
PHEX,3.1395594728675
PHF19,1.47217823675085
PHGDH,-1.4581287294103402
PHLDA1,-2.45965010790671
PHLDA3,1.2981213029445302
PHLDB2,-1.0220582428729401
PHPT1,1.22379545023043
PHYHD1,-1.33650705568064
PHYHIPL,1.9037238318062601
PI15,4.1240299667203795
PI3,2.04247594666069
PI4KAP1,1.2477655027413201
PIAS3,1.0349775631409999
PIEZO2,1.13670427026629
PIF1,2.7367712575243397
PIGC,1.0890551307537502
PIGU,1.1388480843803401
PIGZ,1.0445283328783501
PIK3C2G,-1.21896450103581
PIK3CD-AS2,1.28849959199886
PIK3R2,1.03818923206823
PIM1,-1.3698188693885902
PIPOX,-1.04713743372543
PITPNM3,-3.23100842266046
PITX1,5.79952852349666
PKD1L2,2.7542376958663195
PKD1P1,1.16359465918585
PKDCC,1.27922616859126
PKIA,1.46391074039342
PKIB,1.5076287844207599
PKM,1.6704624922426499
PKMYT1,3.21544736798208
PKN1,1.07338945852174
PKN3,1.45858238572538
PKP3,1.21859054337664
PLA2G16,-1.03404165780222
PLA2G1B,2.3553744027058903
PLA2G4C,1.2248973031832
PLA2G6,1.28456643677027
PLA2R1,-1.43978485609292
PLAC8,-2.41705096755524
PLAC9,1.12268189409207
PLAG1,1.8890524040957701
PLAU,1.1058728789786298
PLCB1,1.5347687333276
PLCD3,1.24144289324793
PLCD4,1.29781889758766
PLCG1,1.01372605519272
PLCH2,2.18344334899283
PLCXD3,-1.8419583576796104
PLEK2,-1.14230786383981
PLEKHG2,1.1542773566319
PLEKHG4,2.0725287139857
PLEKHG4B,3.02196346322302
PLEKHH1,1.39234145187223
PLEKHN1,1.8915615386051798
PLG,-1.69092359385115
PLGLA,-2.19321812254432
PLGLB1,-1.15633164524768
PLGLB2,-1.92536103308118
PLIN1,-1.6124456954125699
PLIN2,-1.64270532430316
PLK1,3.59025532389009
PLK3,-1.6050652808913402
PLK4,2.11345523013284
PLOD3,1.04516925350146
PLP2,1.5604063068922298
PLSCR4,-1.98328158130497
PLVAP,2.93924420640125
PLXDC1,2.94191599380363
PLXNA1,1.30209581436778
PLXNA3,1.42701429435518
PLXNB3,1.52483952090582
PLXNC1,1.9600948524203798
PMEL,1.9013515891457702
PMFBP1,2.7024733960610003
PMS2P3,1.10432932397398
PNCK,6.1442506319078305
PNMA2,-1.29619905702224
PNMA3,3.6614916136355
PNPLA7,-1.4071355838528898
PNRC1,-1.4090886598276102
POC1A,1.14402875100599
PODN,-1.23382033779529
PODXL,1.55551628925004
PODXL2,2.12842322883097
POF1B,1.35618429290429
POLA2,1.3122458754754298
POLD1,1.3281897078278702
POLE2,1.61261520977828
POLN,1.07016541015033
POLQ,3.00669488383095
POLR2J2,1.10545715843946
PON1,-1.45389479560171
PON3,-1.5608333083833998
POPDC2,1.08054909364391
POPDC3,6.58883564210669
PORCN,1.0227698119275601
POU2F3,1.3431907816953501
POU5F1,2.0356612021807803
PP7080,1.3762992666456597
PPAP2B,-1.65449561806075
PPAP2C,2.12410753060953
PPARGC1A,-1.05492494113079
PPFIA4,2.64382025623877
PPM1F,1.01000544438876
PPM1K,-1.25386526773829
PPOX,1.1504281192576202
PPP1R16A,1.0616882244081802
PPP1R1A,-1.07678857865307
PPP1R1B,3.0433175074622594
PPP1R35,1.1041118419603702
PPP1R3B,-1.6297355047909299
PPP2R2C,4.69885928380052
PPP2R3B,1.05958720549965
PRAM1,-1.5906308751263702
PRAME,6.7611627525380005
PRAMEF15,4.06955502881869
PRAMEF4,5.291584317033309
PRC1,3.26890512802508
PRDM15,1.3106237210825
PRDM16,1.38859279600388
PRELP,-1.3827255977653403
PRG4,-1.26252636724781
PRICKLE1,-1.11320100198922
PRIM1,1.32356233621221
PRIM2,1.2213236868968
PRKAA2,1.9074757799796
PRKAR2A-AS1,1.60149105405303
PRKAR2B,-1.7279419462994001
PRKCB,-1.2165088976181397
PRKCDBP,1.22629645998785
PRND,4.10936056505
PROCA1,1.49533211561836
PRODH2,-1.1565599642328501
PROL1,3.3330063433565003
PROM1,-1.0806692999818701
PROS1,-1.1967195954645502
PROSC,-1.05727419615285
PROZ,-1.7503096827537
PRPF3,1.02676831720746
PRR11,2.52352265189798
PRR15,1.67802009840538
PRR15L,1.60736655034877
PRR16,1.2482359049346599
PRR18,-1.45787394914379
PRR19,2.0612445695685198
PRR34-AS1,1.14784433726222
PRR36,2.3152581058490402
PRR5L,1.11268209244978
PRR7,1.49213166850807
PRRT2,1.5916397034477299
PRRT3,1.09817479500378
PRRT3-AS1,1.17798206265904
PRRX1,2.23471853891378
PRSS16,1.6267555806546798
PRSS22,-1.40192303954666
PRSS3,1.33648431991871
PRSS50,1.23595617568928
PRTFDC1,1.2410647392647298
PSAT1,-1.2821376767436699
PSMC3IP,2.3226105594509
PSMD4,1.0455196151125201
PSMG3,1.0165123222542298
PSORS1C1,2.10337865710149
PSPH,1.52689675154988
PSRC1,1.5749278918046798
PTGDR2,2.24222102265094
PTGDS,2.57502897139342
PTGER2,-1.20461138799475
PTGES,2.7823761212080895
PTGFR,1.9176530653722301
PTGIR,-1.148770547925
PTGIS,-2.0920137134307
PTGS2,-2.73046439368527
PTH1R,-3.3269593852906603
PTH2R,3.74004805193931
PTHLH,1.96076356666011
PTK7,2.1088842932763003
PTOV1-AS2,1.23403459063151
PTP4A3,2.59945053766091
PTPN13,-1.8133798154726002
PTPN14,1.20903790135928
PTPRB,-1.03673086230343
PTPRD,-1.10377653492852
PTTG1,3.7284217343469797
PVRL1,1.26448458510088
PVT1,2.57798326069867
PWWP2B,1.06386755638641
PXDC1,-1.3361293406172199
PXMP2,-1.09393320244266
PYCARD,1.02594902571066
PYCR1,2.57415636686615
PYGB,1.43734001443263
PYGO2,1.2556778099394998
PZP,-4.52502307811076
QDPR,-1.08871467864684
QPCT,1.38566310962619
QRICH2,1.43837078551454
RAB11FIP4,1.8685778187809
RAB24,1.00415038261268
RAB34,1.50741142167391
RAB3B,3.8769216613102597
RAB3C,1.5985130343205902
RAB3D,1.57753697201044
RAB6B,1.43217853744686
RACGAP1,2.44099538334845
RAD51,2.42871911024877
RAD51AP1,2.32246043975092
RAD54B,1.51456555258665
RAD54L,3.6358267207461803
RAMP1,1.04946813327512
RAMP2-AS1,1.23717606982521
RANBP17,1.1563108774336899
RANBP3L,-2.3711081888493397
RAP2A,1.03173213145903
RARRES1,1.69487666584326
RASAL1,1.58321019121161
RASD1,-1.2219709910485501
RASD2,2.5954157920663903
RASEF,1.10444380182601
RASGEF1A,1.96295850192355
RASGEF1B,-1.8187506207945001
RASGRF1,4.14971323163171
RASGRF2,1.9179944758180902
RASGRP4,-1.0627569304082
RASL10B,1.36570937956
RASL12,2.22703372542844
RAVER2,1.00281877487601
RBL1,1.29659079765077
RBM20,1.5957986971878502
RBM24,2.5477341310091
RBMS3,-1.59399774412951
RBP4,-1.10309340799744
RBP5,-1.05209183025318
RBP7,1.86059574902849
RCAN1,-2.3822240968058597
RCL1,-1.4750474481081102
RCOR2,2.2087841754960804
RDH16,-2.06486560570268
RDH5,-1.5292200473441002
RDM1,3.5148265775295298
RECQL4,3.06526193417293
REEP2,3.1095948587662203
REG1A,10.1695835977724
REG3A,11.377984709931901
RELL2,1.5661188656852
REN,2.0277871590934597
RET,-2.27004057552142
RFC3,1.0808842025857501
RFC4,1.7662406576581398
RFPL4B,7.52833173490916
RFX5,1.2256038072159
RFXANK,1.10746828777909
RGAG1,2.05496820893114
RGAG4,-1.0696466127873
RGMA,1.8746960277508997
RGN,-1.1935127335506799
RGS18,-1.31772308325447
RGS5,1.428570440939375
RGSL1,2.78144873031502
RHBDF2,1.09712599044634
RHBDL1,1.67481761538167
RHBDL3,4.15991172914585
RHBG,2.00770476105286
RHCG,1.9870994629687802
RHEBL1,1.31304819430506
RHNO1,1.1712372180953798
RHOB,-1.48679299758418
RHOBTB1,1.21093172442722
RHOF,1.80935586033818
RHPN1,1.86577020591753
RHPN1-AS1,1.4996699266626399
RIBC2,3.27833436701231
RIC3,-1.50783646407583
RIMS3,1.17867729364807
RIPK4,-1.37575359495823
RIPPLY3,1.8924196325213798
RMDN2,-1.16690179939151
RMI2,1.9846341554243099
RN7SL1,-1.3117194431927501
RNA5-8S5,-1.84850286027242
RNASE4,-1.06541782732221
RNASEH2A,1.9270112939586699
RND1,-1.03329904489186
RND3,-2.48774078613486
RNF125,-1.8494083111630601
RNF139-AS1,1.58078082173074
RNF144A,1.08762418242412
RNF150,-1.2412231005707
RNF152,-1.7745903484381798
RNF157,2.5997752098112
RNF165,-1.7374002284359198
RNF180,-1.16345366232055
RNF24,1.04369954744317
RNF43,1.05771945106159
RNFT2,2.7391676992607796
ROBO1,2.95557338010674
ROBO2,1.09683228010354
ROR1,1.05424765606066
ROR2,1.03063823483002
RP1-140K8.5,1.81128800922367
RP1-152L7.5,1.22103467765466
RP1-20B21.4,2.04547584719777
RP1-228H13.5,1.03600518000809
RP1-232P20.1,-2.08522849333792
RP1-239B22.5,1.1494367111203
RP1-267D11.6,1.0488930371508
RP1-80N2.3,1.41690081278889
RP1-95L4.4,-1.21239892665574
RP11-104N10.2,1.29393228467681
RP11-1055B8.1,1.97502086219136
RP11-1055B8.4,2.07348672420651
RP11-1069G10.1,-1.32047742994856
RP11-106M3.2,2.1850631041752
RP11-106M3.3,1.4687299908375702
RP11-109D20.2,-1.1511553376819499
RP11-1100L3.8,-1.5496458695183601
RP11-110I1.6,2.66449789916169
RP11-111M22.3,1.03226113942067
RP11-1143G9.4,2.61346474984108
RP11-1143G9.5,1.44055565104573
RP11-114G11.5,1.88580674597516
RP11-114H24.6,1.79858411949569
RP11-1151B14.2,-1.00657447012945
RP11-116D2.1,-1.14697568627752
RP11-119D9.1,-1.55243885631116
RP11-119F7.5,1.19707262853421
RP11-1246C19.1,2.1438860955883796
RP11-1260E13.2,-1.17023661495224
RP11-1275H24.1,1.26424938917902
RP11-1275H24.3,1.2532711043340201
RP11-1280N14.3,1.6130711396975
RP11-128M1.1,2.24906301236846
RP11-130L8.1,1.4269177332710001
RP11-147L13.13,1.64280980504962
RP11-148K1.12,1.7166378223081598
RP11-14N7.2,2.43820151970801
RP11-150O12.3,3.0054846838887994
RP11-152H18.3,1.03546655786603
RP11-159D12.2,1.3220372965013
RP11-159D12.5,1.5601247936850402
RP11-169F17.1,3.4907550907277596
RP11-16E12.2,2.4806078642287597
RP11-173M11.2,-1.1253972927853402
RP11-174G6.5,1.15152489186149
RP11-178H8.7,1.01462617576125
RP11-178L8.8,1.52970649889778
RP11-192H23.5,2.17993058875313
RP11-196G11.1,-1.22652193529596
RP11-196G18.22,2.19779633654029
RP11-196G18.23,1.5550644655939099
RP11-196G18.24,2.55918661220861
RP11-197N18.2,1.6418017185226699
RP11-19P22.8,1.0656070037521501
RP11-20D14.6,3.24934102309133
RP11-20G6.1,1.5433526051796
RP11-20G6.3,3.9077953406217794
RP11-20I20.4,2.04195280892912
RP11-20O24.4,1.09839873000143
RP11-216L13.19,2.39291137833392
RP11-22B23.1,1.15899231033097
RP11-23J9.4,1.03446494655784
RP11-242J7.1,4.43152617372344
RP11-24N18.1,1.03711053161913
RP11-250B2.6,-1.5118057772459799
RP11-254F7.3,-1.1257082587108
RP11-255H23.2,1.8889786332821399
RP11-256L6.3,-1.7206874369798701
RP11-258F1.2,-1.7453523157629498
RP11-25K19.1,1.02003749208159
RP11-264B17.3,1.0673068181552499
RP11-268J15.5,1.23531056889058
RP11-273G15.2,-1.8014528261521798
RP11-284F21.10,3.75494031938564
RP11-284F21.7,3.4481082610606197
RP11-284F21.9,3.7558090668504
RP11-284N8.3,-1.14007921666946
RP11-285F7.2,1.28762453893926
RP11-290F5.1,-1.36976052162126
RP11-290L1.3,-2.0691453491386
RP11-295D4.1,1.3625602132186498
RP11-295G20.2,2.12340052531047
RP11-295K3.1,1.36607881353355
RP11-305K5.1,1.06858460900365
RP11-307C12.11,1.4744169325898897
RP11-307C12.12,1.18324779097017
RP11-30J20.1,3.5343614286947997
RP11-313J2.1,2.34665072670198
RP11-315O6.1,1.01869005686534
RP11-323N12.5,7.35759285103926
RP11-324I22.4,1.08617033019092
RP11-326C3.13,1.01652188958569
RP11-326C3.2,1.47028819262237
RP11-328J2.1,6.9056432700114705
RP11-328K4.1,-2.05922641610907
RP11-328N19.1,6.558504969189481
RP11-334C17.5,1.31752722341938
RP11-334E6.12,2.59802954165667
RP11-337C18.8,1.1767574411949
RP11-342M3.5,2.54583517939463
RP11-345J4.5,1.03703857396863
RP11-347I19.7,1.2655392162978798
RP11-34P13.15,1.12272131580166
RP11-351J23.1,1.4399979688022801
RP11-355O1.11,1.14925368378122
RP11-356C4.5,5.56719487278509
RP11-35N6.1,1.48779462374306
RP11-360L9.7,1.8769963230589097
RP11-380L11.4,1.5104253055919798
RP11-386G11.10,1.52803580503805
RP11-38L15.8,-1.0448000563689899
RP11-38M8.1,2.55417567731316
RP11-394O4.5,1.06656548487513
RP11-395I6.3,1.09795285824844
RP11-399B17.1,1.06070532365725
RP11-39H3.2,-1.05285720814759
RP11-401P9.4,3.16218873587942
RP11-404P21.3,1.96077921825409
RP11-420A23.1,1.2355741679731
RP11-422N16.3,-2.30811425456102
RP11-424C20.2,3.0803004197921697
RP11-42O15.3,-1.13424268294372
RP11-430B1.2,1.70980358004594
RP11-430C7.5,1.60382604074478
RP11-434D12.1,1.4832088630034799
RP11-434D9.1,-1.78838558004801
RP11-434E6.4,2.77243954422818
RP11-435O5.2,2.06741198467953
RP11-43N16.4,1.04365946259806
RP11-442H21.2,1.92460296517309
RP11-443P15.2,5.986424004745599
RP11-448A19.1,1.03393134037414
RP11-449J21.3,1.3763364142586598
RP11-449P15.1,-1.4699043740998199
RP11-452N17.1,1.3858880232784798
RP11-457M11.5,1.32357775763555
RP11-458D21.1,1.5705321671010402
RP11-465B22.3,1.20712787028517
RP11-465N4.4,1.69507538302481
RP11-465N4.5,1.6151809316449
RP11-46A10.5,2.3821562113315
RP11-479G22.8,1.02534361239876
RP11-480A16.1,2.3243828021776296
RP11-480I12.5,1.8520980888297298
RP11-480I12.7,2.08736932420388
RP11-480I12.9,2.19299969231
RP11-481F24.3,3.36430074964687
RP11-486A14.1,1.40144103268344
RP11-486O12.2,1.48051108358487
RP11-488L18.10,1.3674666028573002
RP11-488L18.4,1.56431147895879
RP11-495P10.5,7.774947184367441
RP11-495P10.8,8.93721991924369
RP11-496I9.1,1.5750271049608702
RP11-498C9.13,3.1499601791148697
RP11-498C9.15,1.1516848869001999
RP11-504P24.3,1.01727300101745
RP11-505K9.4,-1.26041245831542
RP11-513G11.3,-1.3861357270293702
RP11-514P8.8,1.36310040077622
RP11-517I3.2,-1.07272818153993
RP11-521B24.3,1.20090768199302
RP11-532F12.5,1.27730635633971
RP11-536K7.3,1.1564833457211698
RP11-538D16.2,1.8228915142816398
RP11-545E17.3,1.03045860599841
RP11-548H3.1,1.09527599571255
RP11-54O7.17,1.22028901124574
RP11-54O7.3,-1.7769099321979902
RP11-556E13.1,7.52999999122378
RP11-566K11.5,1.91586996195463
RP11-571M6.7,3.2060896325632697
RP11-574K11.24,1.2642194445266202
RP11-574K11.32,1.6431858870809999
RP11-579D7.2,1.8530109135672501
RP11-57H14.4,1.5391682987343
RP11-587P21.2,6.859463303042611
RP11-59D5__B.2,1.49266421059311
RP11-5A19.5,1.1200055550708998
RP11-5O17.1,1.46158431347124
RP11-600F24.7,2.15187282657266
RP11-60A14.1,2.3895732468605604
RP11-61J19.5,1.1419140996607
RP11-620J15.3,1.68558731688029
RP11-624G17.3,1.07230594132085
RP11-629O1.2,1.675308447443
RP11-631N16.2,1.08854312674896
RP11-638I2.6,1.1814873909291101
RP11-649A18.12,1.67375095261873
RP11-66N11.8,1.0600313788145401
RP11-66N24.3,1.3410991201124198
RP11-66N24.4,1.3204756499093402
RP11-676J12.7,-2.42929801313399
RP11-680F8.1,1.03533573525317
RP11-688G15.3,1.1455206115857
RP11-68I18.10,1.9118220093853102
RP11-693N9.2,1.21106385247417
RP11-696N14.1,1.1120263882169799
RP11-6B4.1,-2.2676892071560095
RP11-6F2.5,1.09317664932747
RP11-6O2.4,2.36154552520163
RP11-704M14.1,2.47010623630465
RP11-704M14.2,2.7924226340662903
RP11-70D24.2,-1.23408928606473
RP11-713M15.2,1.10380619202091
RP11-727A23.5,1.02199037537136
RP11-734I18.1,3.1835179410819
RP11-734K23.9,1.6055972997542098
RP11-736N17.10,1.3238818868262598
RP11-756A22.7,2.4713314478993
RP11-757G1.6,1.8262879388253501
RP11-761N21.2,1.231355495502
RP11-774D14.1,7.821416806697661
RP11-77H9.2,1.22779494521631
RP11-783K16.5,1.40672698212955
RP11-793H13.10,1.1297090169909199
RP11-800A3.4,1.4701496695664
RP11-802E16.3,1.7304044596969899
RP11-817J15.3,-1.6512655993248302
RP11-81H14.2,2.0789402031313
RP11-81H3.2,8.33756286366583
RP11-830F9.5,-2.27112436318829
RP11-834C11.4,1.24238040906379
RP11-844P9.2,2.11654194239644
RP11-845C23.3,1.4604388749508102
RP11-863K10.7,-2.30014693352376
RP11-87H9.4,1.03198926127274
RP11-903H12.5,-1.02213837030858
RP11-90L1.8,-1.30409593856901
RP11-923I11.6,2.00095129835766
RP11-961A15.1,1.58323029532879
RP11-977G19.10,2.5468440857089303
RP11-97C16.1,1.07385155775625
RP13-1032I1.7,1.1169504320406898
RP13-104F24.2,1.1463374878983799
RP13-104F24.3,1.02544130619151
RP13-143G15.4,4.84955265714491
RP13-147D17.3,7.5201962690465
RP13-392I16.1,1.28099975232354
RP13-39P12.3,1.85136753961995
RP13-516M14.1,1.24689410951052
RP13-753N3.3,1.4260506590676498
RP13-890H12.2,1.53132244318674
RP3-337H4.9,1.63726466372129
RP3-340N1.2,1.62469130550024
RP3-414A15.12,-1.07702990553346
RP3-417G15.1,1.2470532841843702
RP3-434P1.6,1.55556428716335
RP3-467N11.1,1.14870378471535
RP3-508I15.18,1.7727821194433502
RP3-508I15.9,1.81975990792091
RP4-545C24.1,1.7251076809318502
RP4-565E6.1,3.4647780212922203
RP4-568C11.4,-1.15136748462211
RP4-583P15.15,-1.16318829217046
RP4-669L17.8,1.0872557480965899
RP4-710M16.2,-1.75579082532669
RP4-717I23.3,1.52356570502051
RP4-738P15.6,1.20636159928977
RP4-758J18.13,1.041964151864
RP4-763G1.2,-1.74741724708831
RP4-773N10.4,1.3662163820510802
RP4-798A10.7,1.13965011977313
RP4-800G7.2,2.0227464715855
RP5-1039K5.19,1.05117154246133
RP5-1052I5.2,-1.52041772607372
RP5-1074L1.4,1.98491471405254
RP5-1092A3.4,1.10734739240848
RP5-1112D6.8,1.34611505986401
RP5-1120P11.1,3.0203733127361
RP5-1154L15.2,1.45473850840467
RP5-1171I10.5,1.1405516604051
RP5-821D11.7,1.73557362019299
RP5-849H19.3,-1.3106818805504399
RP5-857K21.11,1.83818204164428
RP5-882C2.2,1.67042695083197
RP5-908M14.9,1.08600566721033
RP5-967N21.11,1.7138945007659099
RPL22L1,1.31275382844249
RPL23AP7,1.05928163595046
RPL32P3,1.10153415053636
RPL39L,1.8424444352403502
RPL8,1.07037696592907
RPPH1,-1.8302059656516498
RPS6KA6,-1.3940211984064699
RPS6KL1,1.99106905284989
RRAGD,1.01214062309835
RRM2,3.12945113333421
RSAD2,-1.5866380024190199
RSPO3,-1.70655482946026
RTKN2,3.0097947324681003
RTN2,1.30161240279557
RUNDC3B,-1.07372193849436
RUSC1,1.41295287872031
RUSC1-AS1,1.80772318395863
RYR2,2.2120329111072596
S100A1,2.7598543667004902
S100A10,1.28006186333532
S100A14,1.40736810450322
S100A6,1.2015903755886
S100A8,-1.0516291186658
S100P,5.90869979380654
SAA1,-2.25239230265331
SAA2,-2.47183415331455
SAA2-SAA4,-1.30975955302995
SAA4,-1.92341294025543
SAC3D1,1.2827630393303702
SALL2,1.4323502798118402
SALL4,1.85251288008495
SAMD11,-1.1992211649279299
SAMD12,-1.4131670074898601
SAMD5,-1.6023437434503098
SAMSN1,-1.11566854244184
SAPCD1,2.0656059660035
SAPCD2,2.85482990304632
SARDH,-1.48886235697599
SASS6,1.06711355688386
SATB1,-1.12781474902536
SBF1,1.04692840933577
SBF2-AS1,1.0073260421299302
SBK1,1.17990551938569
SBSPON,2.40819441158541
SCAMP3,1.29876110295016
SCAMP5,1.40855429976536
SCARA3,1.54836542659472
SCARA5,-2.74694788398895
SCARNA15,1.61784222650359
SCART1,1.33020351113759
SCD5,-1.1471467726145301
SCGN,2.20162013834632
SCHIP1,1.4822211665652099
SCIMP,-1.6887409033603702
SCIN,1.4823641726255101
SCML2,1.35310986943534
SCN4A,2.1613882241934
SCN4B,1.2269135894256102
SCN7A,-1.92877006827366
SCNM1,1.3782942632072699
SCP2,-1.35813761680102
SCRIB,1.3504958606096598
SCTR,1.2922644366744498
SCUBE1,2.15463964034805
SCUBE2,2.11685716202701
SCX,3.3114928292862897
SDC4,-1.25281968912739
SDK1,1.6662439235919397
SDK2,1.49278831487506
SEC24B,-1.04533934311648
SELE,-1.06984900536321
SELM,1.7969217819823
SELP,-1.52404619044446
SEMA3A,1.2641849426078402
SEMA3B,1.56309003442446
SEMA3F,1.4894920044930198
SEMA3G,1.1466617084568702
SEMA4F,1.43675706306357
SEMA5B,2.2455011522586203
SEMA6C,1.5009869152422601
SEMA6D,-1.30114889776533
SEMA7A,1.3657706378529297
SEPP1,-1.02693236717235
SEPT3,3.13438775797283
SEPT5,1.97781190970213
SERF1B,1.07112240309101
SERHL2,1.4095145272205098
SERPINA1,-1.08838670022484
SERPINA10,-1.1731341857788702
SERPINA11,-2.0230138569786797
SERPINA3,-1.29492889386152
SERPINA4,-1.26789062469244
SERPINB8,-1.44415213049842
SERPINB9,-1.64626799210374
SERPINE1,-2.23088602140658
SERPINE2,1.09130968788789
SERPINF2,-1.30477144288739
SERPING1,-1.23134828266136
SERPINH1,1.07767491741829
SERPINI1,1.8859104200985601
SERTAD1,-1.55261627952934
SEZ6,7.273437842112809
SEZ6L2,3.4988932269123705
SF3B4,1.09890146298127
SFI1,1.28135466425946
SFN,3.9128491059343
SFRP1,-2.9958502496058603
SFRP4,2.8606515512239503
SFRP5,-2.9546783124706
SFT2D3,8.60486162779309
SGCA,-1.2723284824528702
SGIP1,1.24182064943376
SGK1,-1.12387816010637
SGMS2,-1.8157378461838098
SGOL1,3.09957339723378
SGOL2,2.41821776461578
SGSM1,1.2683626180176102
SH3D21,1.29268955589187
SH3GL1P3,1.6437324876706398
SH3PXD2B,1.29026427319935
SH3RF3,1.303264566666
SHBG,-1.8959312784132
SHC3,1.83512529616226
SHCBP1,3.33151185421181
SHISA4,1.39614822234182
SHMT1,-1.3003169024039098
SHPK,-1.08138982442298
SIGLEC1,-1.35693612140123
SIGLEC11,-2.3852440653569302
SIGLEC14,-1.71756364963664
SIGLEC15,1.7022292337954399
SIGLEC7,-1.96423596430747
SIGLEC8,-1.20398746570809
SIGLEC9,-1.4534838729949
SIK1,-1.4117415864172
SIM1,2.03354812233453
SIPA1L2,1.1413076268723001
SIPA1L3,1.16149006752989
SIRPB1,-1.08360266238695
SIX1,5.409374182847531
SIX2,6.069208533114639
SIX4,3.35335471214939
SKA1,4.56978285525081
SKA3,3.6048246994751696
SKAP1,-1.63155432171722
SLAIN1,-1.6453503010904398
SLC10A1,-1.61564205453902
SLC12A1,2.86347799870718
SLC12A5,1.50503464013251
SLC13A5,-1.23580547767921
SLC16A11,1.3503704622414
SLC16A14,1.69397249342758
SLC16A2,-1.1679427437716698
SLC16A3,1.7551687489835501
SLC16A4,-1.6167629968788502
SLC16A9,1.9829461998532798
SLC19A3,-1.46080932883308
SLC1A1,-1.39523445612745
SLC1A3,1.28215013180643
SLC1A7,1.91662963360847
SLC22A1,-2.4449115240433397
SLC22A10,-2.28261476087492
SLC22A11,3.95621831062043
SLC22A12,5.1389115475782905
SLC22A15,1.77721298563494
SLC22A17,1.3336385209906
SLC22A31,3.59904482140153
SLC22A4,2.03088736192655
SLC25A47,-2.6196974232776897
SLC26A2,1.21827346383713
SLC26A3,2.18424314163642
SLC26A6,2.6031295790947
SLC27A2,-1.3337774951906798
SLC27A5,-1.75199257104713
SLC28A1,-1.25399297590477
SLC29A2,1.71560157580984
SLC29A4,1.38863232149851
SLC2A1,1.1133510675371798
SLC2A14,1.39957719020099
SLC2A2,-1.16526219445931
SLC2A5,4.362677056649161
SLC2A6,1.14836471858166
SLC30A2,2.9492804718853396
SLC30A3,5.030250575804639
SLC31A1,-1.02766622615783
SLC31A2,-1.02462920641232
SLC34A1,-1.0631747586651499
SLC35D1,-1.33849694193259
SLC35E4,1.31253533742384
SLC36A1,1.03950684112258
SLC38A1,1.0298475407826
SLC38A2,-1.62145946264757
SLC38A4,-1.50330678102619
SLC38A5,1.4616950762591499
SLC38A6,1.17700892305821
SLC39A10,1.23410456921619
SLC39A14,-1.6246402661103
SLC39A4,1.7523147949822802
SLC39A5,-1.22099233082299
SLC3A1,-1.25305653967281
SLC41A2,-1.34501617751146
SLC44A5,2.36918079782002
SLC45A2,1.76316280669231
SLC45A4,2.00627267311526
SLC46A3,-1.3724062876221397
SLC4A11,2.96110089372374
SLC4A3,2.62186886231471
SLC4A4,-1.2319045286288601
SLC50A1,1.25971288186281
SLC51B,1.59924186107564
SLC52A2,1.4481859013668401
SLC52A3,1.53108438289328
SLC5A1,-3.18993407800757
SLC5A10,1.4260769887539
SLC5A11,2.41708416287452
SLC5A2,1.93566899549456
SLC6A11,2.5159328402019
SLC6A12,-1.26647889778188
SLC6A13,-1.11768516077392
SLC6A2,2.6914041935134
SLC6A8,2.9246947440986
SLC6A9,2.14057747673184
SLC7A10,6.268705419275951
SLC7A11,4.4412423454088605
SLC7A2,-1.68676876157863
SLC7A6,1.99187096126643
SLC7A8,-1.5650269997714998
SLC8A1,-1.48622604292379
SLC9A3,5.34845671070932
SLC9A9,-1.28305190923035
SLC9B2,-1.4367602659816499
SLCO1B1,-1.28655987518172
SLCO1B3,-2.15978061196278
SLCO2A1,1.23703084442565
SLCO4C1,-1.63733997024858
SLITRK3,-2.71085905848207
SLX1B-SULT1A4,1.2385622735350101
SMARCD3,1.3432567310006598
SMC1B,4.54421356804514
SMC4,1.27272242379505
SMG5,1.3740094767380602
SMG9,1.2059468957673
SMIM14,-1.05844388779451
SMIM22,1.9362637886284098
SMIM24,-1.57406273871757
SMPD3,-2.2318903926509397
SMPDL3B,1.2033610769148002
SMPX,3.0934645506504
SMYD3,1.38006728695045
SNAI2,1.1094792725843898
SNAP25,1.4352557776074402
SNAP25-AS1,1.40048348171332
SNCAIP,1.72411538880243
SNCG,3.60703968824347
SNHG1,1.6345074227713998
SNHG10,1.14660225020126
SNHG12,1.30617837358696
SNHG20,1.15962981309046
SNHG21,1.17273633778849
SNHG3,1.72311086513662
SNHG4,2.6386059871654504
SNHG6,1.24624742507169
SNHG7,1.6030179024178701
SNPH,1.17240751746787
SNRPB,1.20073797873145
SNRPD2,1.02952073003285
SNRPE,1.18469208127796
SNRPEP4,1.5085770061673602
SNTG1,1.4007998668911001
SNX22,1.7334622239818502
SOAT2,2.0283742918676
SOCS2,-2.16661781015745
SOCS2-AS1,-1.1328555860797
SOCS3,-2.3751433433476
SOCS6,-1.0576492360157
SOCS7,1.54497299925026
SOGA1,1.5082743644887098
SORD,-1.1011756844888998
SORL1,-1.3238877522385302
SORT1,1.2461006057605
SOSTDC1,3.14651775825787
SOWAHA,1.8881031859777702
SOWAHC,-1.14366686391873
SOX12,1.4133174837383202
SOX4,1.22070438840924
SOX6,-1.38337418366496
SOX9,1.27045941742046
SOX9-AS1,1.81574518378932
SP5,2.34767271533613
SP6,3.15907894297756
SPAG4,1.4455405710423503
SPAG5,1.37866449491646
SPARCL1,2.65735110373108
SPATA18,-1.086152491591
SPATA21,2.31786016368206
SPATC1L,2.95033281148736
SPATS2,1.59860757843891
SPC24,3.56911179626766
SPC25,3.27310103403813
SPDL1,1.8359982902333
SPECC1,1.5693273414129298
SPEG,1.08195452925518
SPESP1,1.2324630361526898
SPG20,-1.45623446950847
SPHK1,2.17407279402327
SPINK1,2.8404836068735295
SPINK5,3.3547378511357797
SPINT1,1.16200013756557
SPIRE2,1.2383224315443602
SPOCD1,2.5384333634434597
SPOCK1,4.6131006151056795
SPON2,1.08286696563327
SPP1,4.28998958408219
SPP2,-1.76795706644263
SPRY2,-1.55976387217949
SPRYD4,-1.2945742840711
SPSB2,1.5215968257852301
SPTBN2,-1.19595692286855
SPTSSB,1.77273783691022
SQLE,1.6571188473099
SQSTM1,1.21540154794885
SRC,1.1845718607554199
SRD5A1,-1.33285309920074
SRD5A2,-1.9932996110891898
SRGAP2D,1.4099649872832098
SRGN,-1.13981531325029
SRPX,-2.31647705090675
SRRM2-AS1,1.0055405494221898
SRRM3,3.4342634367624303
SRSF12,1.1996614541158799
SRXN1,1.63448053141359
SSC4D,1.6184470897854
SSC5D,-1.4907410823538203
SSPO,1.46115269731145
SSR2,1.21692426966133
SSTR5,5.80224632658333
SSTR5-AS1,6.59496463052528
SSUH2,3.85809813474804
SSX1,9.231523783970788
SSX2,9.14025210963508
SSX2B,7.621072282220731
ST3GAL4-AS1,1.39556966919026
ST3GAL6,-1.43149740056914
ST6GAL2,-2.9278398080206203
ST6GALNAC2,1.05127284866441
ST6GALNAC4,1.0370612972754598
ST8SIA6-AS1,6.34994787653566
STAB1,-1.09984022965087
STAB2,-5.08511769630588
STAG3L5P,1.0812130157141402
STAMBPL1,1.1980034416978
STARD5,-1.3792929780424
STC1,1.09814968212232
STC2,1.98342629604779
STEAP3,-1.69138795851159
STEAP4,-1.6471015857738
STIL,2.39852748064421
STK39,2.0298613317151104
STMN1,2.15265925606698
STMND1,3.2754166717195803
STOX1,1.84628633661873
STRA6,3.6613908282643504
STRIP2,2.68197743250219
STX11,-1.3586488510516
STX1A,1.5925922990753303
STXBP4,1.04631415303459
STXBP6,1.6836496589566499
SUCLG2,-1.049918518118
SUCO,1.14749472845877
SULT1A1,-1.1711706474761898
SULT1A2,-1.0503039213414
SULT1A4,1.4109658954823703
SULT1C2,3.6149575099043303
SULT1E1,-1.06169571743874
SULT2A1,-1.2407678529977
SULT2B1,1.98995723510653
SULT4A1,4.09974144333864
SUSD4,1.45695247165432
SUV420H2,1.53035793014602
SUZ12P1,1.27839409934162
SVEP1,-1.75246554318086
SYCE1,1.00441711252569
SYDE2,-1.28752638233678
SYN3,2.7035864574041897
SYNE1,-1.32443720861579
SYNGR1,1.1043580586973603
SYNPO2,-1.1577181538601498
SYP,1.7675863222482902
SYT3,5.14380142233204
SYT8,3.07491942146217
SYT9,-2.25208909267574
SYTL5,-1.61664956526995
TACC3,2.22281428097146
TACSTD2,-2.17041632729181
TAF6,1.00738203256432
TAGAP,-1.14168462368848
TAPT1,-1.01896778627153
TARBP1,1.8116225672142101
TAT,-1.39543739973192
TAZ,1.03083325697418
TBC1D16,1.76018553221512
TBC1D31,1.4358728165564298
TBCE,1.13813210926463
TBKBP1,1.08919695737228
TBX15,-1.7347955999361797
TBX19,1.00327802795023
TBX4,7.9518992593982505
TBXA2R,-1.7685046669038502
TCAP,2.1779484153904
TCF19,2.8332566190685404
TCF21,-1.8292965443373101
TCF3,1.0531962358761702
TCOF1,1.10216039704288
TCTEX1D1,-2.1449709881033
TDGF1,2.4924041459186403
TDO2,-1.81224625355501
TDRKH,1.26773498110704
TEAD2,1.3932407897719898
TECTA,-1.08376234990692
TEK,-1.4500554562093402
TERT,8.20841622536358
TESC,2.8206852112581897
TET1,1.42410414336108
TEX41,3.43357435993036
TF,-1.07127194585878
TFAP2A,1.7679818025329
TFPI2,-2.23555718522376
TFR2,-1.01646108206331
TGFA,-1.1333954696702
TGFB2-OT1,1.1696054793708501
TGFBR3,-1.12485141307771
TGFBR3L,1.0513253604213901
TGM3,5.8102582384683
THBD,-1.3253453620556699
THBS1,-1.71924016564042
THBS4,6.2693619415958795
THRSP,-1.56202834346326
THSD7A,1.1038608603733502
THUMPD3-AS1,1.07309126611515
THY1,2.59106000803861
TICRR,3.7594531618292497
TIGD1,1.85921178440754
TIGD3,2.0689883491789196
TIGD5,1.62468386595677
TIGD7,1.24317294595618
TIMD4,-3.50929153313316
TINAG,7.05875962785047
TJP2,-1.02154306369798
TK1,2.41472142839192
TKFC,-1.0469750574471
TKT,1.5114746811372701
TLCD1,1.6017757905249599
TLDC2,2.6441568468780496
TLE6,1.29485246617441
TLR3,-1.1625595614661202
TLR4,-1.504970989861
TLX1,2.78148034749875
TM4SF20,8.2531341292055
TM6SF2,-1.2045874697646002
TMC5,3.02774931603806
TMC7,2.2048859956971403
TMCC1-AS1,1.6479381004206202
TMCO3,1.24622666933156
TMED3,1.24918768528782
TMEM106C,1.5105443937119298
TMEM119,1.4404597872994098
TMEM120B,1.3613171565018503
TMEM132A,2.36936748298818
TMEM132E,-1.60762294019097
TMEM136,1.3872958802139699
TMEM145,3.95719408193807
TMEM147-AS1,1.25641701923553
TMEM150B,2.2440381272288197
TMEM151A,2.50166578194656
TMEM154,-1.76189966548329
TMEM163,3.42533045125221
TMEM164,1.39873507950122
TMEM178B,2.82341034724918
TMEM191B,1.85827117605133
TMEM191C,1.41880402714327
TMEM198,1.47841773983635
TMEM200A,1.02927751436282
TMEM200C,-1.05878029484284
TMEM201,1.35534241050648
TMEM206,1.37218084846434
TMEM220,-1.5037618322636899
TMEM220-AS1,-1.3957952989223301
TMEM246,1.0331977107492298
TMEM25,-1.04174191277708
TMEM26,-2.2623391415022405
TMEM262,1.15456703953046
TMEM265,1.09315062294853
TMEM27,-2.4222551759299997
TMEM45A,-1.2123778948022
TMEM47,-1.03047141252196
TMEM54,1.10136354604116
TMEM56,-1.39014070591152
TMEM61,2.46465750714215
TMEM74,1.68974273892575
TMEM74B,1.4241754554723602
TMEM79,1.149255837351
TMEM81,1.09657750199634
TMEM82,-1.77175663069895
TMEM98,1.2427403155740702
TMIE,1.76880134649664
TMPO-AS1,1.6950337339890102
TMPRSS2,-1.26942648559389
TMSB10,1.39414929588847
TNFRSF11B,-1.17582550207177
TNFRSF18,2.03789201192872
TNFRSF19,2.27205301745698
TNFRSF25,1.7681854892115199
TNFRSF4,2.3837511503135898
TNFRSF6B,1.10942106010593
TNFRSF9,2.11733405917176
TNFSF11,-1.2007983588054398
TNFSF12-TNFSF13,1.2831168087779699
TNFSF15,2.0166161798962
TNFSF4,1.83289175615867
TNFSF9,1.4812355398873898
TNNC1,3.27625225816323
TNNI2,2.38255260264798
TNNT1,3.6643717408184906
TNR,-1.47723104815856
TNXB,-1.29123118943322
TOMM40L,1.8013201777377599
TONSL,2.07128255009806
TOP2A,3.9315179631987704
TP53I3,1.84604487996807
TP63,1.30568639167876
TP73,3.49032808514183
TPBGL,2.9448753310501403
TPM2,1.92087689981337
TPM3P9,1.13616800319266
TPPP2,-2.2321826373853098
TPX2,2.11583132307223
TRABD2A,1.37959847084388
TRAF2,1.17059890859276
TRAF5,1.5236635746660399
TRAIP,2.85390347547521
TRAM1L1,2.96468005958192
TREH,-1.22216562593108
TREM2,1.69055758337435
TRIB1,-1.9914077134088302
TRIM11,1.15312371770276
TRIM16,3.0115076147246898
TRIM16L,2.5290321581708
TRIM17,3.3267472253435897
TRIM31,2.30455102682427
TRIM45,2.29853924077379
TRIM50,5.43184418846743
TRIM54,4.4809405232925705
TRIM59,1.93843055195476
TRIM6,1.2839852486179097
TRIM65,1.0656908496165698
TRIM7,2.52925236821323
TRIM71,8.53719775344601
TRIM73,1.68065824350944
TRIP13,3.45659821180323
TRNP1,1.7916363104821298
TROAP,4.29836284107241
TRPC5,-1.0823261305639
TRPC6,2.1572258413569
TRPM3,1.4312558268054398
TRPM8,-1.4533819923697702
TRPV4,-1.35956583880426
TRPV6,-1.0542216793230401
TSACC,1.4796846205507999
TSEN54,1.08447725888732
TSLP,-2.331694330649
TSPAN10,1.76952971346744
TSPAN11,-1.319638385345
TSPAN15,1.17835147650195
TSPAN5,2.18015086507721
TSPAN7,-1.02195906166043
TSPAN8,1.84999342945923
TSPEAR-AS1,2.19731138260752
TSPEAR-AS2,2.87098388034888
TSPO2,2.24269851957308
TSPYL5,-1.02697224558011
TSSK6,1.37347394757313
TTC13,1.43667632175751
TTC36,-2.8982799864230095
TTC39A,3.22243267193299
TTC39B,-1.1631296766122299
TTC9,1.7288846303998997
TTK,3.86725111731888
TTLL3,1.0918239878942
TTLL4,1.49929173035162
TTPA,-1.03772927768244
TTR,-1.58374652908582
TTYH1,1.09781590841839
TTYH2,1.17848381504927
TTYH3,1.00643460848376
TUBA3C,7.26110760998988
TUBA4B,1.4364140999237702
TUBB3,2.05510944649986
TUBB4A,2.7254536785720496
TUBBP5,1.14388330274659
TUBE1,-1.79948352374624
TUBG1,1.1032325509331002
TXNRD1,1.42577547381881
TYMS,1.84634841458711
TYMSOS,1.23932979405993
TYRO3,1.7195610334004
U91319.1,-1.1804506449285102
U91324.1,-1.49948506076761
UAP1L1,1.34896255624863
UBAP2L,1.03356834745605
UBD,2.8072700962717496
UBE2C,4.17503277061025
UBE2S,2.07893625641689
UBE2SP1,1.90477043001731
UBE2SP2,2.09978160279138
UBE2T,3.25008337201154
UCHL1,4.839694714301429
UCK2,1.68730280036255
UCN,1.2494160527538998
UGP2,-1.10565638333371
UGT1A1,-1.35497378098293
UGT1A10,1.7928805992665702
UGT1A4,-1.08831010780575
UGT1A5,1.30679438146436
UGT1A7,5.2556096656535995
UGT2A1,-1.1574649527212502
UGT2B10,-1.72126869467165
UGT2B11,4.64385677505149
UGT2B27P,-1.3384996203661799
UGT2B7,-1.88177115026851
UGT3A2,1.9258495546262802
UHRF1,3.39239144137692
ULBP2,1.30831440599917
ULK4,1.16080719679876
UNC119B,1.18313516493499
UNC13A,3.75819437846391
UNC5C,-1.0323182738182801
UNKL,1.06166357164345
UPB1,-1.02256870779511
UPK3A,5.79984863095917
UPK3BL,1.04855470360935
UQCC2,1.0102621635766802
UROC1,-2.34851782230775
USH1C,2.7052511738334704
USH2A,-1.19840701174013
USP2-AS1,1.26576757972452
USP21,1.1393063706629298
USP49,1.30133069243675
USP54,1.14819794992352
VAC14-AS1,1.9216294638940001
VAMP1,1.0866140114623501
VASH2,2.53477349952726
VAT1L,1.34729525927336
VCAN,1.33861339226572
VIPR1,-3.4602077779595697
VLDLR,1.51130324327002
VMO1,-1.66407983123524
VNN1,-1.45667434043883
VNN2,1.74791113528207
VNN3,-1.04312939611379
VPS45,1.14756880625928
VPS72,1.09468068430932
VSIG1,3.70085594715846
VSIG10L,2.10780508853207
VSIG4,-1.9769593635676699
VTCN1,-1.3346606509238301
VWF,1.54259913492424
WASH6P,1.01526904621421
WDFY3-AS2,-1.14456790713457
WDHD1,2.00235347628412
WDR62,2.62069375169486
WDR66,-1.75676420212278
WDR72,-1.3738085408153702
WDR76,2.2862724192455803
WDYHV1,1.16234856948348
WEE1,-1.14973668846612
WFDC1,-1.12263710129337
WFDC2,1.2048674090165
WFDC21P,3.00570322988029
WFS1,1.05370861029673
WHSC1,1.11187932103161
WI2-1896O14.1,-1.05072921351488
WI2-2610K16.2,3.4790032044404797
WIPF3,1.0305161774590899
WISP2,-1.3267806340963602
WNK4,3.90328672758987
WNT11,-1.49854579189673
WNT2,-2.30297577993062
WNT2B,1.3576907904360402
WNT4,1.37008752579594
WNT9A,-1.01445407723443
WSCD1,1.43987320761268
XAGE1A,8.41014846865757
XAGE1B,8.32058510339191
XCR1,-1.01710413423644
XDH,-1.27321560255252
XK,1.06066076003434
XRCC2,2.9304821254514106
XRCC3,1.8065775591766298
XX-C2158C6.3,6.7011644885829496
XXbac-BPG252P9.10,1.55785537991296
YBX2,2.02159205333363
YEATS2,1.0458662921462198
YJEFN3,1.79281150960391
YPEL2,-1.05718938250627
ZADH2,-1.04551893501338
ZBED6CL,1.09745912598718
ZBED8,1.25889595993087
ZBTB12,1.89759903638614
ZBTB21,-1.42926000054126
ZC2HC1C,-1.42247523964957
ZC3H3,1.1727931711753998
ZCCHC24,-1.0584569025647501
ZDBF2,-1.3343327652603798
ZEB2,-1.2668614835171599
ZFP1,-1.69895506505209
ZFP36,-2.16158212198481
ZFP36L1,-1.08856864073847
ZFP41,1.82218087091099
ZFP62,1.025654405026
ZFPM2,-1.73320954904731
ZFPM2-AS1,4.22911795266345
ZG16,-1.8081758072404999
ZG16B,1.3944157868809501
ZGPAT,-1.5820637227710899
ZGRF1,1.40095782794207
ZHX1-C8orf76,1.28045692219308
ZIC2,6.69588889454031
ZIC4,4.048351782421819
ZIC5,6.636200428973839
ZKSCAN3,1.46502213854407
ZMIZ1-AS1,1.95384983618967
ZMYND10,1.57102555778248
ZNF213,1.0261227224023002
ZNF219,1.33301718495542
ZNF233,1.5191792991138797
ZNF239,1.31387048625353
ZNF251,1.27809055844908
ZNF257,1.96110642097006
ZNF285,1.11511801042624
ZNF296,2.20829193048641
ZNF300,2.07145709334129
ZNF300P1,2.01351852233112
ZNF320,1.42925558823723
ZNF330,-1.0026228570353
ZNF337-AS1,1.17917547393891
ZNF341,1.2139570953737
ZNF37BP,1.06412834654292
ZNF382,1.34575859357858
ZNF385C,1.96244750920288
ZNF385D,3.84701290664513
ZNF391,1.29211204165057
ZNF43,1.2457649261716799
ZNF431,1.10335434521264
ZNF467,1.16152180302493
ZNF517,1.7042655479929
ZNF530,1.14283492705527
ZNF541,1.90691653098377
ZNF57,1.23030319224629
ZNF572,1.4214629370027598
ZNF580,1.16733733705222
ZNF581,1.2239816470423999
ZNF605,1.12970804110064
ZNF607,1.60988124058904
ZNF610,1.34217501857905
ZNF618,1.06619883071034
ZNF648,2.04790941639736
ZNF676,2.85679466059884
ZNF681,2.13659357037803
ZNF687,1.01029671125866
ZNF692,1.66192952379307
ZNF695,4.43430014362736
ZNF696,1.1676267097436899
ZNF703,1.37559277283658
ZNF707,1.0403873978776998
ZNF71,1.12913571673201
ZNF711,1.21491625248498
ZNF714,1.26638602921944
ZNF726,1.3135735896364098
ZNF736,1.00073513439102
ZNF738,1.5540523578026
ZNF74,1.0325626667589398
ZNF767P,1.0555281031266202
ZNF775,1.5774670077347401
ZNF781,1.74758024799183
ZNF783,1.02851175730282
ZNF788,1.15273984146934
ZNF789,1.0866729127192198
ZNF793,1.23147795959765
ZNF793-AS1,1.7019783332989902
ZNF812,1.11359545603322
ZNF813,1.05439512164668
ZNF815P,1.01055526857139
ZNF826P,1.6742716887020799
ZNF83,1.40652273161023
ZNF85,1.4411193224879801
ZNF883,2.83113042973215
ZNF90,1.4727194936647099
ZNF93,1.1841517306346
ZNF99,4.402251946979491
ZNRD1-AS1,1.12870678300214
ZP3,1.4369606632874399
ZSCAN16,1.1323169682258603
ZSCAN2,1.11176525357442
ZSCAN31,1.3699314214317801
ZSCAN9,1.00245802723111
ZSWIM5,1.93974464220984
ZWINT,2.50571639091296
bP-21264C1.2,1.68598227812246
